:020000040800F2
:10000000802F0020914D0008A7C300087D4D0008F7
:100010007D4D00087D4D00087D4D0008000000006A
:100020000000000000000000000000008D4E0008ED
:100030007D4D000800000000F14D0008C17100086E
:100040001151000811510008115100081151000808
:1000500011510008115100081151000811510008F8
:1000600011510008115100081151000811510008E8
:1000700011510008115100081151000811510008D8
:1000800011510008115100081151000811510008C8
:1000900011510008115100081151000811510008B8
:1000A00011510008115100081151000811510008A8
:1000B0001151000811510008115100081151000898
:1000C0001151000811510008115100081151000888
:1000D0001151000811510008115100081151000878
:1000E0001151000811510008115100081151000868
:1000F0001151000811510008115100081151000858
:100100001151000811510008115100081151000847
:100110001151000811510008115100081151000837
:100120001151000811510008115100081151000827
:100130001151000811510008115100081151000817
:100140001151000811510008115100081151000807
:1001500011510008115100081151000811510008F7
:1001600011510008115100081151000811510008E7
:1001700011510008115100081151000811510008D7
:1001800011510008115100081151000811510008C7
:08019000115100081151000893
:1001980081F0004102E000BF83F0004330B54FEA30
:1001A80041044FEA430594EA050F08BF90EA020F9D
:1001B8001FBF54EA000C55EA020C7FEA645C7FEA30
:1001C800655C00F0E2804FEA5454D4EB5555B8BF53
:1001D8006D420CDD2C4480EA020281EA030382EAC4
:1001E800000083EA010180EA020281EA0303362D56
:1001F80088BF30BD11F0004F4FEA01314FF4801C29
:100208004CEA113102D0404261EB410113F0004F3A
:100218004FEA03334CEA133302D0524263EB4303F1
:1002280094EA050F00F0A780A4F10104D5F1200E8F
:100238000DDB02FA0EFC22FA05F2801841F10001EA
:1002480003FA0EF2801843FA05F359410EE0A5F1BE
:1002580020050EF1200E012A03FA0EFC28BF4CF0EF
:10026800020C43FA05F3C01851EBE37101F00045A5
:1002780007D54FF0000EDCF1000C7EEB00006EEBB2
:100288000101B1F5801F1BD3B1F5001F0CD349083C
:100298005FEA30004FEA3C0C04F101044FEA445293
:1002A80012F5800F80F09A80BCF1004F08BF5FEA1A
:1002B800500C50F1000041EB045141EA050130BDFA
:1002C8005FEA4C0C404141EB0101013C28BFB1F50C
:1002D800801FE9D291F0000F04BF01460020B1FA57
:1002E80081F308BF2033A3F10B03B3F120020CDA2A
:1002F8000C3208DD02F1140CC2F10C0201FA0CF008
:1003080021FA02F10CE002F11402D8BFC2F1200C6C
:1003180001FA02F120FA0CFCDCBF41EA0C01904022
:10032800E41AA2BF01EB0451294330BD6FEA04046B
:100338001F3C1CDA0C340EDC04F11404C4F1200256
:1003480020FA04F001FA02F340EA030021FA04F368
:1003580045EA030130BDC4F10C04C4F1200220FABF
:1003680002F001FA04F340EA0300294630BD21FAFD
:1003780004F0294630BD94F0000F83F4801306BFC3
:1003880081F480110134013D4EE77FEA645C18BFB7
:100398007FEA655C29D094EA050F08BF90EA020F4E
:1003A80005D054EA000C04BF1946104630BD91EA46
:1003B800030F1EBF0021002030BD5FEA545C05D149
:1003C8004000494128BF41F0004130BD14F5800488
:1003D8003CBF01F5801130BD01F0004545F0FE41FC
:1003E80041F470014FF0000030BD7FEA645C1ABF31
:1003F800194610467FEA655C1CBF0B46024650EA68
:10040800013406BF52EA033591EA030F41F4002193
:1004180030BD00BF90F0000F04BF0021704730B519
:100428004FF4806404F132044FF000054FF00001EE
:1004380050E700BF90F0000F04BF0021704730B5AF
:100448004FF4806404F1320410F0004548BF404284
:100458004FF000013EE700BF42004FEAE2014FEAD9
:1004680031014FEA02701FBF12F07F4393F07F4FB4
:1004780081F06051704732F07F4208BF704793F0B7
:100488007F4F04BF41F40021704730B54FF46074CA
:1004980001F0004521F000411CE700BF50EA0102CD
:1004A80008BF704730B54FF000050AE050EA010276
:1004B80008BF704730B511F0004502D5404261EBE6
:1004C80041014FF4806404F132045FEA915C3FF427
:1004D800D8AE4FF003025FEADC0C18BF03325FEAC4
:1004E800DC0C18BF033202EBDC02C2F1200300FA75
:1004F80003FC20FA02F001FA03FE40EA0E0021FA9A
:1005080002F11444BDE600BF70B54FF0FF0C4CF487
:10051800E06C1CEA11541DBF1CEA135594EA0C0F39
:1005280095EA0C0F00F0DEF82C4481EA030621EA74
:100538004C5123EA4C5350EA013518BF52EA0335AF
:1005480041F4801143F4801338D0A0FB02CE4FF061
:100558000005E1FB02E506F00042E0FB03E54FF091
:100568000006E1FB03569CF0000F18BF4EF0010E89
:10057800A4F1FF04B6F5007F64F5407404D25FEA85
:100588004E0E6D4146EB060642EAC62141EA555138
:100598004FEAC52040EA5E504FEACE2EB4F1FD0C7A
:1005A80088BFBCF5E06F1ED8BEF1004F08BF5FEAF8
:1005B800500E50F1000041EB045170BD06F00046AA
:1005C80046EA010140EA020081EA0301B4EB5C0457
:1005D800C2BFD4EB0C0541EA045170BD41F480114F
:1005E8004FF0000E013C00F3AB8014F1360FDEBF74
:1005F800002001F0004170BDC4F10004203C35DA50
:100608000C341BDC04F11404C4F1200500FA05F3D2
:1006180020FA04F001FA05F240EA020001F0004273
:1006280021F0004110EBD37021FA04F642EB0601E9
:100638005EEA430E08BF20EAD37070BDC4F10C0413
:10064800C4F1200500FA04F320FA05F001FA04F2D7
:1006580040EA020001F0004110EBD37041F10001C3
:100668005EEA430E08BF20EAD37070BDC4F12005CE
:1006780000FA05F24EEA020E20FA04F301FA05F236
:1006880043EA020321FA04F001F0004121FA04F2DE
:1006980020EA020000EBD3705EEA430E08BF20EAAE
:1006A800D37070BD94F0000F0FD101F000464000E8
:1006B80041EB010111F4801F08BF013CF7D041EA6A
:1006C800060195F0000F18BF704703F0004652006E
:1006D80043EB030313F4801F08BF013DF7D043EA3F
:1006E8000603704794EA0C0F0CEA135518BF95EAF5
:1006F8000C0F0CD050EA410618BF52EA4306D1D17C
:1007080081EA030101F000414FF0000070BD50EA9A
:10071800410606BF1046194652EA430619D094EA24
:100728000C0F02D150EA013613D195EA0C0F05D10E
:1007380052EA03361CBF104619460AD181EA030162
:1007480001F0004141F0FE4141F470014FF000001A
:1007580070BD41F0FE4141F4780170BD70B54FF0B5
:10076800FF0C4CF4E06C1CEA11541DBF1CEA135535
:1007780094EA0C0F95EA0C0F00F0A7F8A4EB050417
:1007880081EA030E52EA03354FEA013100F088800E
:100798004FEA03334FF0805545EA131343EA1263D7
:1007A8004FEA022245EA111545EA10654FEA00268C
:1007B8000EF000419D4208BF964244F1FD0404F545
:1007C800407402D25B084FEA3202B61A65EB0305A1
:1007D8005B084FEA32024FF480104FF4002CB6EB5E
:1007E800020E75EB030E22BFB61A754640EA0C00DE
:1007F8005B084FEA3202B6EB020E75EB030E22BF1E
:10080800B61A754640EA5C005B084FEA3202B6EB5E
:10081800020E75EB030E22BFB61A754640EA9C001D
:100828005B084FEA3202B6EB020E75EB030E22BFED
:10083800B61A754640EADC0055EA060E18D04FEAAB
:10084800051545EA16754FEA06164FEAC30343EA4B
:1008580052734FEAC2025FEA1C1CC0D111F4801F18
:100868000BD141EA00014FF000004FF0004CB6E711
:1008780011F4801F04BF01430020B4F1FD0C88BFB0
:10088800BCF5E06F3FF6AFAEB5EB030C04BFB6EBBB
:10089800020C5FEA500C50F1000041EB045170BDAE
:1008A8000EF0004E4EEA113114EB5C04C2BFD4EBDB
:1008B8000C0541EA045170BD41F480114FF0000E5F
:1008C800013C90E645EA060E8DE60CEA135594EADB
:1008D8000C0F08BF95EA0C0F3FF43BAF94EA0C0FDE
:1008E8000AD150EA01347FF434AF95EA0C0F7FF453
:1008F80025AF104619462CE795EA0C0F06D152EAA7
:1009080003353FF4FDAE1046194622E750EA41068A
:1009180018BF52EA43067FF4C5AE50EA41047FF49B
:100928000DAF52EA43057FF4EBAE12E74FEA4102FE
:10093800B2F1E04324BFB3F5001CDCF1FE5C0DD935
:1009480001F0004C4FEAC0024CEA5070B2F1004F7F
:1009580040EB830008BF20F00100704711F0804F82
:1009680021D113F13872BCBF01F00040704741F447
:1009780080114FEA5252C2F11802C2F1200C10FA4B
:100988000CF320FA02F018BF40F001004FEAC1232F
:100998004FEAD32303FA0CFC40EA0C0023FA02F3D3
:1009A8004FEA4303CCE77FEA625307D150EA0133A9
:1009B8001EBF4FF0FE4040F44000704701F0004079
:1009C80040F0FE4040F40000704700BF53B94AB9F8
:1009D800002908BF00281CBF4FF0FF314FF0FF303F
:1009E80000F00CB8ADF1080C6DE904CE00F010F879
:1009F800DDF804E0DDE9022304B07047704700BF6A
:100A0800034613F8012B002AFBD1181A0138704746
:100A18002DE9F04786468C460846089E15467446DA
:100A28001946002B40F0C2808542B2FA82F245D9BD
:100A38004AB1C2F1200300FA02FC2EFA03F39540F2
:100A480043EA0C0C94404FEA154EA8B2BCFBFEF8E2
:100A5800230C0EFB18CC08FB00F943EA0C4399451C
:100A680028D9EB1808F1FF3704D2994502D9A8F123
:100A780002072B44A3EB0903A4B2B3FBFEFC0EFB55
:100A88001C330CFB00F044EA0344A04214D92C198F
:100A98000CF1FF3304D2A04202D9ACF102032C447A
:100AA800241A43EA07401EB1D4400023346073601F
:100AB800BDE8F0874746DDE76346F1E792BB431B95
:100AC80001214FEA154EAFB2B3FBFEFC200C0EFB22
:100AD8001C330CFB07F840EA0343984562D9EB182E
:100AE8000CF1FF3004D2984502D9ACF102002B4436
:100AF800A3EB0803A4B2B3FBFEFC0EFB1C330CFBF8
:100B080007F744EA0344A7424ED92C190CF1FF33E6
:100B180004D2A74202D9ACF102032C44E41B43EAF5
:100B28000040C0E7C2F1200320FA03F1954090404D
:100B38002EFA03F303434FEA154EAFB2B1FBFEFCA6
:100B48000EFB1C10190C0CFB07F841EA0041884504
:100B580004FA02F422D969180CF1FF3004D288454E
:100B680002D9ACF102002944A1EB08019BB2B1FB08
:100B7800FEFC0EFB1C110CFB07F743EA01439F42E6
:100B88000ED9EB180CF1FF3104D29F4202D9ACF117
:100B980002012B44DB1B41EA004192E76046E3E790
:100BA8006146F7E76046A3E76346B7E7834206D99D
:100BB80016B9002108467BE7C6E900E0F9E7B3FA71
:100BC80083F78FB9834201D3724508D8BEEB02047C
:100BD80060EB030301209C461EB9002168E73846F4
:100BE800FAE7C6E9004CF8E7C7F1200CBB4022FA47
:100BF8000CF41C432EFA0CF120FA0CF3B840014314
:100C08004FEA14490EFA07F5B3FBF9F81FFA84FE08
:100C180009FB18300B0C08FB0EFA43EA00439A450F
:100C280002FA07F240D9E31808F1FF3004D29A45D6
:100C380002D9A8F102002344A3EB0A0389B2B3FB4B
:100C4800F9F809FB183308FB0EFE41EA03418E450B
:100C58002CD9611808F1FF3304D28E4502D9A8F1C6
:100C68000203214443EA0040A0FB0298A1EB0E01D5
:100C78004145CE46434602D306D14D4504D2B9EB91
:100C8800020E68EB04030138002EA6D0B5EB0E0265
:100C980061EB030101FA0CFC22FA07F34CEA0303A7
:100CA800F940C6E9003198E74046C5E74346D9E729
:100CB80013B50C460DF1060100F064FB002814DBA7
:100CC800BDF8063007EE903AFBEEC97A77EEA77AC0
:100CD80017EE900AFFF7C0FB05A3D3E90023FFF73F
:100CE80013FCFFF723FE2060002002B010BD00BFF8
:100CF800182D4454FB2109402DE9F04FD0E9006339
:100D080089B088460393838905931546B368039988
:100D18005B6806AA30469847002831DBDDE9064BB8
:100D2800A8FB0423049208FB0B380498DFF86090B2
:100D380015A3D3E900234146FFF748FE049B4FF073
:100D4800FF3A9A4579EB0803074619D3A5FB0443F4
:100D580005FB0B3529460CA3D3E900232046FFF7F2
:100D680035FEA24579EB0505034609D38742B268EB
:100D780006D305990091146803993A463046A0476E
:100D880009B0BDE8F08F00BF00CA9A3B0000000020
:100D9800FFC99A3B38B5002002F0D2FE0146A0B93F
:100DA800002142F210700CF091FF0B4A0B490C48DD
:100DB800094D0B4C00F092F82946204600F0A2F9A4
:100DC80000210A200CF082FFF6E706480AF0C8FC6A
:100DD8004FF0FF3038BD00BF080E0020C40D0020C2
:100DE800600C0020BEF4000813B507480469836846
:100DF80001A95B68984720B923680198584000F01A
:100E0800010002B010BD00BF4CE40008F7B52D4D3D
:100E18002E7816BB2C4C20460CF022FED8B1226945
:100E2800A168136843F0010313600B68274A314631
:100E380020469847FFF7D8FF254B0028D4BF00204D
:100E4800012018700CF0D7FF00230A22FFF7BEFD1F
:100E5800204BC3E9000101232B701B481E4D0CF0E9
:100E6800FFFD10B9286803B0F0BDFFF7BDFF0028EB
:100E78000446D4BF002701270CF0BDFF002C144EF8
:100E88001BDD3478CCB90A220023FFF79FFD114AF5
:100E9800536801931368B0EB030C019B61EB0303E8
:100EA800BCF1B50F73F1000307DB2B683BB1082BCE
:100EB80000DD1C1FC2E900012C603770D2E7142442
:100EC800F8E700BFCD1800204CE40008110001002D
:100ED800CC180020280300200C0E00202DE9F0413A
:100EE8002DED028B174686B0044665480D460AF07C
:100EF80037FC6449384600F023FA002805DA6248CE
:100F08004FF0FF310AF02CFC26E06048DFF8F08152
:100F18000AF026FC5E480AF023FC5E4A0523CDE968
:100F2800023204210323CDE90031012202230021EA
:100F3800284600F083FA46F2A813AB62564BC5F870
:100F48002080C5F82480EB61284600F09FFA064609
:100F580050B152480AF004FC4FF0FF36304606B054
:100F6800BDEC028BBDE8F0814D480AF0F9FB4D4815
:100F78000AF0F6FB9FED4C1ADFED4C0A9FED4C0A88
:100F88000B21204600F0AEFC294620460AF0FEFA66
:100F9800204639460AF0FEFA464BC4F86080A3663C
:100FA800204600F0B5FD08B94348D3E743480AF0A6
:100FB800D7FB43480AF0D4FB42480AF0D1FB424829
:100FC8000AF0CEFB4FF47A700AF0ADFA204600F032
:100FD80061FE30B93D480AF0C3FB94F86D103C48F7
:100FE80090E73C489FED3C8A0AF0BAFB3B480AF080
:100FF800B7FB94F86D103A480AF0B2FB39480AF08A
:10100800AFFB39480AF0ACFB642584F8716084EDC5
:10101800048A20460AF0C2FAB0EE480A204600F0D8
:101028007DFF01200AF07FFA013DF2D14FF4FA70FA
:101038000AF079FA0DF116013846ADF8165000F0AD
:10104800A1F9C8B9BDF816309FED287A07EE903A95
:10105800FBEEC97A67EE877A254B264AC3ED007AFC
:1010680000231360244A254813600AF079FB4FF4E3
:10107800FA600AF058FA71E7DFED177AECE700BF7B
:10108800D8F4000808EC0008FCF4000828F500086B
:1010980040F50008C7CFFFFF0AD7A33C60F500085A
:1010A80087F50008A4F5000817B7D1380000A04359
:1010B8003333B3400000A041C3F50008E9F5000848
:1010C80005F6000824F6000850F6000880F6000827
:1010D800A2F60008B7F6000800000000DBF60008DA
:1010E8000DF7000830F7000851F70008DB0FC9407A
:1010F800200E00201C0E0020180E002084F7000887
:101108000000A04070B52DED048B82B00E46054658
:10111800FFF77CFE0DF106010446304600F032F977
:10112800002840F0E080BDF80630DFED758A2846DB
:1011380008EE103A0AF032FA724B734A1968D2ED87
:10114800007ABBEEC98AA14228EE288A09D138EE76
:10115800678AB4EEE88AF1EE10FA0BDD38EE688A99
:10116800F7E76A4982ED008A086869499FED698A4C
:1011780008601C60B5EEC08AF1EE10FA69D4002C44
:10118800C7BF07EE904AF8EEE77A9FED620ADFEDF7
:101198005C9A614EC2BF87EEA80AC8EEA79A20EEF5
:1011A800080A09F04BFB5A4B95ED189A1B68BDEEDF
:1011B800C00AF6EE007A10EE102A1A441346534A73
:1011C800002C29EEA76A136046DD07EE104AB8EE38
:1011D800C77AC7EE286A26EE887ABDEEC77AB8EED7
:1011E800C77A09EEC78A38EE067A87EE290ADFED54
:1011F8004B9A30EE678AB5EEC08AF1EE10FA48BF16
:10120800B1EE488AB4EEE98AF1EE10FA75D420EE10
:10121800280A09F04DFDDFED427A9FED427A69EE2A
:10122800677AB4EEC78AF1EE10FA67EE807A07D5CE
:1012380038EE698ADFED3C6A88EE267A67EE877AAF
:101248009FED3A7A96ED000A20EE070A9FED387A6C
:1012580030E038EE288A8DE74CD1D5ED087ADFEDFD
:10126800326AF5EEC07AF1EE10FA4CBFB1EE677A49
:10127800B0EE677AB4EEE67AF1EE10FA37D4BEEE45
:10128800006A67EE867AB0EE086AB4EEC67AF1EEC6
:1012980010FA07D537EE667A9FED266AC7EE066A1A
:1012A80067EEA67A9FED247A96ED000A20EE070AEB
:1012B8009FED227A07EE870A284686ED000A30EE6F
:1012C800000AB4EE409AF1EE10FA48BFB0EE490AAF
:1012D800B1EE499AB4EEC09AF1EE10FAC8BFB0EE7A
:1012E800490A00F01BFE02B0BDEC048B70BDDFEDB7
:1012F800097AD7E79FED077A73E7DFED067A9FE76C
:10130800DB0FC940180E0020200E0020100E002010
:101318001C0E002000000000140E0020CDCC4C3D17
:10132800CDCC4C3E9A99193ECDCCCC3DCCCC4C3E44
:10133800CDCC4C3F9A9939401F856B3F0AD7A33DC6
:1013480038B50C460546A0B199B108680CF088FB81
:1013580038B90948094A01210AF0C6FD6FF01200A0
:1013680038BD2C600448064A03210AF0BDFD002060
:10137800F6E76FF01500F3E7C8E80008ACF70008D7
:10138800BEF70008F0B50D468BB0002831D0002913
:101398002FD04FF6FF7302AAADF8043001AB0293C9
:1013A800049202230DF10602CDE9062303930126D8
:1013B80006ABCDE9083601680596002751F8040BFD
:1013C800ADF80670836804AA1C6808ABA047041E21
:1013D80008DA094A0948234631460AF08EFD2046B4
:1013E8000BB0F0BDBDF80630C3F30D032B803C46AF
:1013F800F5E76FF01504F2E7DAF70008C8E8000827
:1014080007B5094B186820B99FED080A03B05DF8C5
:1014180004FB002301A90193FFF74AFC0028F3D13C
:101428009DED010AF2E700BFB000002000000000B7
:101438009FED010A704700BF00000000E0B1836023
:10144800009BC360019B0361029B4361039B836113
:101458000A4BC3610A4B03620A4B43620A4B83621D
:101468000023C0E90012C36203634363012200231F
:10147800836380F83C200364704700BF0AD7A33C0D
:101488000000404100E440C6C7CFFFFF2DE9F04708
:10149800054698B038B390ED097ADFED446AD0ED8F
:1014A800087AB4EE667AF1EE10FA04D0F4EEC77A50
:1014B800F1EE10FA01D5C5ED097A00230024AF6AD0
:1014C800EB622B636B632C8785F83A4038480CF045
:1014D800C7FA064660B937480AF042F94FF0FF33B9
:1014E8002B6485F83B604FF0FF3018B0BDE8F087FB
:1014F80031480CF0B5FA064608B93048ECE746F230
:10150800A813002FD8BF1F462D4E2E482E4AB2FBD7
:10151800F7F24FF001083946254F326086F804800B
:101528000AF01EF9316822466846CDE900784FF086
:10153800020ACDE90244FFF7DFFB3168049722462F
:1015480004A84FF00309CDE90644CDF814A0FFF72D
:10155800D3FB316808972246174FCDF8249008A886
:10156800CDE90A44FFF7C8FB316822460CA8CDE94B
:101578000E44CDE90C7AFFF7BFFB3168224610A86C
:10158800CDE91244CDE91079FFF7B6FB042314A87E
:10159800316814972246CDE916441593FFF7ACFB42
:1015A8002E6485F83B8020469FE700BF00E440C6D4
:1015B800D8E40008FCF70008BCE4000822F800089A
:1015C800240E002049F8000800CA9A3B2DE9FF477D
:1015D8000446002800F00D81B5EEC00AF1EE10FABD
:1015E80000F10A8190ED097AB4EEC07AF1EE10FAB2
:1015F80058BFB0EE407AF5EEC00AF1EE10FA00F1ED
:10160800FE80D4ED097AF4EEE07AF1EE10FA58BFD4
:10161800F0EE607AB5EEC01AF1EE10FA00F1F28041
:1016280094ED096AB4EEC16AF1EE10FA58BFB0EE53
:10163800416AD4ED085AC7EE256AF5EEC06AF1EEA4
:1016480010FA00F1E280B7EE007AF4EE476AF1EEA4
:1016580010FAC8BFF0EE476A87EEA57AC4ED0B6AA8
:10166800B5EEC07AF1EE10FA00F1D280F7EE007A0A
:10167800B4EE677AF1EE10FAC8BFB0EE677AC6EE3C
:10168800257A84ED0C7AF5EEC07AF1EE10FA00F1C5
:10169800C280B7EE006AF4EE467AF1EE10FAC8BFDF
:1016A800F0EE467ADFF87881C4ED0D7A98F80430C8
:1016B800002B00F09E80D8F8001094F83830DFF83E
:1016C80064A1CDF800A006EE101AB8EE466A013BF8
:1016D80066EE866A27EE067AFCEEE66A67EE867A9A
:1016E800BCEEC77A16EE907AFCEEE77A17EE106A2F
:1016F80017EE905A8F4228BF0F468E4228BF0E46DB
:101708008D4228BF0D460022012BCDE902224FF061
:10171800020398BF3A4668460193FFF7EDFA94F83A
:101728003830D8F80010DFF80091CDF8009003F0B9
:10173800FD03012B4FF0000218BF0123CDE902225F
:10174800684606BFCA1B01930193FFF7D5FA94F8C0
:101758003930D8F80010CDF800A0013B012B4FF02C
:101768000002CDE902224FF0030398BF32466846D3
:101778000193FFF7C1FA94F83930D8F80010CDF882
:10178800009003F0FD03012B4FF00002CDE9022287
:101798004FF0020308BF8A1B68460193FFF7ACFAB3
:1017A80094F83A30D8F80010CDF800A0013B012B8E
:1017B8004FF00002CDE902224FF0040398BF2A46F9
:1017C80068460193FFF798FA94F83A30D8F8001071
:1017D800CDF8009003F0FD03012B4FF00002CDE996
:1017E80002224FF0030308BF4A1B68460193FFF724
:1017F80083FA04B0BDE8F0879FED087AFBE6DFEDD9
:10180800077A07E79FED056A13E7DFED046A23E728
:101818009FED027A33E7DFED017A43E7000000002D
:10182800240E0020BCE40008D8E4000868B19FED4D
:10183800071A40F201120287012280F83A20F0EEDE
:10184800410AB0EE410AFFF7C1BE70470000000030
:1018580058B19FED061A0022028780F83A20F0EE70
:10186800410AB0EE410AFFF7B1BE70470000000020
:1018780010B504462DED028BB0EE408A48B309F04E
:1018880061FEA3689FED157AD4ED006AA060C31AC3
:1018980007EE903AF8EE677A67EE877AB6EE007A46
:1018A800F4EE477A9FED0E7AF1EE10FAC8BFF0EE2B
:1018B800477A76EEA77A86EEA77AF7EE007A77EE81
:1018C800C77AD4ED016A27EE888A07EE268A84ED66
:1018D800018AB0EE480ABDEC028B10BDBD378635D3
:1018E8006F12833A38B50D462DED048B0446B0EEE1
:1018F800409AF0EE608AB0EE418A002852D04FF448
:10190800B27200210CF0DAFB28492948294BA3655B
:1019180061664FF07E53C4F84011A0670121C4F8F6
:101928009C004FF07C50244A2560E365234D244BEE
:1019380084F86F10C4F8D400224923482366C4F8F9
:101948008430C4F8A830C4F8E4309FED200AC4F805
:10195800D80084ED019A04F1BC00C4ED028A84ED3C
:10196800038AA2666567C4F88010C4F89850C4F862
:10197800A410C4F8E010C4F8F820C4F8082109F04D
:10198800FDFD04F1C80009F0F9FD04F58E7009F0B9
:10199800F5FD9FED0F0A04F5947009F0EFFD64233F
:1019A800C4F84831BDEC048B38BD00BF00E440C624
:1019B800000096430000C0400000A04100004040E5
:1019C8000000404100007A44000020410AD7A33BB0
:1019D8000000000010B5044688B1D0F8580170B175
:1019E800FFF70EFD94F9443194ED4F7A07EE903AE3
:1019F80030EE470AF8EEE77A27EE800A10BD9FED31
:101A0800010AFBE70000000010B5044690B1D0F8C9
:101A1800580178B1FFF70CFD94F9443107EE903A7C
:101A2800F8EEE77A04F58E7027EE800ABDE81040DC
:101A3800FFF71EBF9FED010A10BD00BF00000000A8
:101A480010B504462DED028BD8B1FFF7C3FFD4EDD6
:101A5800007A94ED507A9FED0C8AF8EEE77AF0EE72
:101A6800480A17EE807AB0EE470A08F051FFB5EE43
:101A7800C00AF1EE10FA01DA30EE080ABDEC028B6A
:101A880010BD9FED020AF9E7DB0FC9400000000016
:101A980010B5044688B1D0F8540170B19FED071A0B
:101AA800F0EE410AB0EE410A09F054FDD4F85401B1
:101AB80009F058FD002384F86C3010BD00000000C8
:101AC80010B5044608B3D0F85401F0B109F046FD4A
:101AD8009FED0E1AD4F85401F0EE410AB0EE410A17
:101AE80009F038FD04F1D40009F040FD04F1F800D4
:101AF80009F03CFD04F1740009F038FD04F1980088
:101B080009F034FD012384F86C3010BD000000009A
:101B180010B5044640B1D0F8543113B193F83B20C6
:101B280022B90F2384F86D30002010BD012280F8FF
:101B38006D20D3ED097A90ED187AD0F85C31B4EEC7
:101B4800E77AF1EE10FAC8BFC0ED187AD0ED187A2E
:101B580090ED167AB4EEE77AF1EE10FAC8BFC0ED50
:101B6800167A1BB1C0ED217AC0ED2A7AD4ED016A4C
:101B78009FED177AF4EE476AF1EE10FA02D194F865
:101B880070300BB1D4ED197AA36EC4F80831D4F8CB
:101B98005831C4ED397A53B994F87130033B012BAD
:101BA80005D894F9443113B9012384F844314FF42A
:101BB800FA7009F0C0FC2046FFF782FF4FF4FA7074
:101BC80009F0B9FC022384F86D300120ADE700BFAD
:101BD80000E440C638B504462DED048BB0EE409ABB
:101BE800F0EE608AF0EE419A00284DD0D0F85451BA
:101BF800002D49D0B0EE410A08F044FEB0EE408A0C
:101C0800B0EE690A09F054F820EE097A18EE287A3D
:101C180094F96F3028EE098A00EE288ADFED1C6AF5
:101C280084ED128AFEEE007A67EE277A28EE268A7D
:101C380084ED117A37EE886A77EEC87A84ED137AE4
:101C480084ED146AC4ED157A8BB1D4ED186AF6EEFA
:101C5800005A66EEA56A37EE267A36EE266A77EEE1
:101C6800A67A84ED137A84ED146AC4ED157ABDEC76
:101C7800048B94ED151AD4ED140A94ED130A284632
:101C8800BDE8384009F066BCBDEC048B38BD00BF28
:101C9800D7B35D3F70B504462DED088BB8B103236B
:101CA80080F86D30D0F8580198B994F87130033B3A
:101CB800012B06D8042384F86D300120BDEC088B75
:101CC80070BD0E2384F86D302046FFF7E1FE00203A
:101CD800F4E709F02DFCD4F8580109F02AFC002893
:101CE800EFD194F9445194ED168A002D40F0AD805F
:101CF800DFED838A9FED839ADFED830A07EE905A22
:101D0800B8EEE70AB0EE491A20EE080A204680EE3F
:101D1800280AFFF75FFF0135052009F00CFC642D48
:101D2800EAD14FF4967009F006FCDFED78AA9FED32
:101D380078AA002607EE906AF8EEE77ADFED719A46
:101D4800DFED710A67EEAA7AB0EE480A87EE8A1AC2
:101D58002046013631EE291AFFF73CFFD4F8580126
:101D680009F0E6FB012009F0E6FB40F2E9339E4268
:101D7800E0D1D4F858019FED64BA09F0D9FBD4F842
:101D88005801FFF73DFB4FF47A76B0EE409A07EE24
:101D9800906AF8EEE77AF0EE4B0A67EEAA7AB0EEB0
:101DA800480A87EE8A1A204631EE291AFFF712FFF1
:101DB800D4F8580109F0BCFB012009F0BCFB013E36
:101DC800E5D29FED50AADFED509A07EE905AB8EE93
:101DD800E70AB0EE4A1A20EE080AF0EE690A80EE29
:101DE800280A2046FFF7F6FE022009F0A4FB013D71
:101DF800EBD2D4F8580109F09BFBD4F85801FFF74F
:101E0800FFFA9FED411AF0EE408AF0EE410AB0EE7B
:101E1800410A2046FFF7DEFEC82009F08CFB9FED43
:101E28003D7A79EE687AF0EEE77AF4EEC77AF1EE69
:101E380010FA3FF546AFB4EEE89AF1EE10FA56BF45
:101E4800012384F8445184F8443194ED507ADFED4D
:101E5800327AB4EE677AF1EE10FA7FF42BAFDFED49
:101E6800288A002507EE905AB8EEE70A9FED251A52
:101E7800DFED250A20EE080A204680EE280AFFF743
:101E8800A9FE0135032009F056FB642DEAD14FF471
:101E9800FA7009F050FBD4F85801DFED1A9A9FED5B
:101EA8001A9A09F045FB0023C4F840312046FFF791
:101EB800C7FD142084ED500A09F03DFB07EE905A47
:101EC800B8EEE70AB0EE691A20EE080AF0EE490A01
:101ED80080EE280A2046FFF77DFE022009F02BFB42
:101EE800013DEBD29FED081A2046F0EE410AB0EE14
:101EF800410AFFF76FFEC82009F01DFBDAE600BFB4
:101F08000000C842E4CB964000000000DB0FC94047
:101F180000007A44A9CF7E3D00E440C610B50446CF
:101F28002DED028B002860D09FED338A90F8713038
:101F3800B4EE480AF1EE10FAA3F1030318BF80EDDE
:101F4800040A012B03D9FFF745FD84ED060A204654
:101F5800FFF75AFD94F96C3084ED080A002B44D041
:101F6800D4ED027AF4EE487AF1EE10FA0BD09FED38
:101F7800237A67EE877A9FED227AC0EE276AC6EE4B
:101F8800877AC4ED107AD4F85C3183B994ED017A7C
:101F9800B4EE487AF1EE10FA09D0D4ED106AD4ED17
:101FA8000D7A77EEE67AC7EE876AC4ED0F6A94F881
:101FB8007130D3B994F87030D4ED047AC3B9D4ED44
:101FC800186AB1EE667AB4EEE77AF1EE10FA08DC38
:101FD800F4EEE76AF1EE10FA54BFB0EE677AB0EEAD
:101FE800667A002384ED0D7A2363BDEC028B10BD65
:101FF800C4ED097AF9E700BF00E440C6D7B3DD3F76
:102008005077D63D2DE9F04F91B08407009302F048
:1020180004030293C2F3C20303F10103DDF86880ED
:10202800039205460E46059340F0BA81041D30B16F
:10203800072909D86FF01B0011B0BDE8F08F01F037
:1020480007063444C6F10806009B4FF00009591EE4
:102058004FF0040A4FF0FF330193CDF810904F462C
:10206800CB4653460DB1009820600598002800F330
:10207800E8809848009A824203D397488242C0F089
:10208800E080039AA4EB050E92074FEA9E0000F148
:1020980003810F2F00F2B180002D00F0058107F1B8
:1020A80040020DEB020C019A0CF8200C0CF8102CD5
:1020B800049801300490E7E07A285DD84B280ED8C0
:1020C800472859D829282DD8252852D054D820282F
:1020D8007AD02338D0F1000B4BEB000B74E04C386E
:1020E8002E2849D8DFE800F0704848484848484852
:1020F800484848484B484848484848484859484B41
:102108004B595959704B6D487048184B18484882BC
:102118007F4B48484B487F0000204FF0000B4FF0A2
:10212800040A38E02A38C0B2012202FA00F010EAA4
:102138000E0F49D110F0625C2FD110EA020B43D088
:102148006046013C5444B4FBFAF40AFB04F4002D45
:1021580061D0A3EB050CA444B4453FF66BAF00284F
:1021680068D1042B47D158F8043B23600434042376
:102178002AE0019A013A01924FF0000B24E011F88D
:10218800010C6C2834D111F8023C00206C2B8346DA
:10219800C5D14FF0080A5346D3E708F1070828F0DD
:1021A80007080734F8E802AB24F0070435B10698AD
:1021B8002044B0423FF63EAFC4E900AB08344FF0CC
:1021C800000B4FF0080A534611F8010F002878D089
:1021D800BBF1000F7FF470AF2528F5D1019B0133C7
:1021E80001934FF0010B4FF0040AECE7584694E7CF
:1021F80000208346A5E7082B02D06FF015001BE7E7
:1022080008F1070828F00708B8EC027B84ED007B8A
:1022180008340823D8E768B9042B02D108F1040868
:10222800A4E7082BE9D108F1070828F0070808F106
:102238000808EDE705980138059058F8040B009058
:1022480010E7039A900720D5A4EB050E4FEA9E00ED
:102258004FF0010CBEF5007FCFD20F2FCDD8F5B1CE
:1022680007F140020DEB020EC0B2019A0EF8200CE5
:102278000EF8102CBCF1000F3FF41AAF60F07F008D
:102288000EF8200C09F101090137C5F108020434E0
:1022980006924FF6DA7E97E74FF0000CDAE7BCF1CA
:1022A800000F01D00136EFE7029A0236002AEBD17F
:1022B8000098CDE90631FEF7A3FBDDE906310644B7
:1022C800E2E7631BB3F5806F97D23DB9A6F1080426
:1022D800E018B1E66CE20008F00A0108029A2860EA
:1022E8009B082B709DF81030C2B1EB7085F80290F6
:1022F800B9F1000F05D008A80022C5F1010C9742DA
:102308000ED1C5F101030DF120084FF0000A019329
:102318000DF1300B574512D1601B8DE66B70E5E768
:1023280010F8013B190608D50CEB040EB64503F06E
:102338007F033FF67FAE04F8013B0132DFE7B9F1D6
:10234800000F03D098F90020002A17DB029BD3B1B5
:102358001AF80B2004F8012B0022019B18191044CD
:10236800B0423FF667AE98F8000004F8010B0099F8
:10237800039220460BF094FE039A14440AF1010AD2
:1023880008F10108C6E798F8002055F822300093B4
:10239800029B45F822300098FEF732FB421CDCE72E
:1023A8006FF00D0048E600BF2DE9F04F97B000AF81
:1023B80090F802A0D7F880B03B62CBF3C003044684
:1023C800FA62BB61894641B9457800780AEB80001A
:1023D80020444D4517D8A0EB0409E378FB61BAF116
:1023E800000F02D01BF0010F16D1FB6953BBFB6A2B
:1023F8001BB13A6A4946204698474D4628465C37FD
:10240800BD46BDE8F08F461C3046FEF7F9FA0130AC
:10241800304409F10109DCE7237862687A62FA6AD4
:102428009900796104EB8301002A40F000814D4650
:102438000E4601EB0A094FF000084E454CD101EB5E
:102448000A0610E01BF0020FD1D023789A007A61B7
:1024580062687A62FA6A04EB8301002A77D14D46F2
:1024680001EB0A0690461BF0050F0CBF022301235F
:10247800FB62FB6906EB430A0BF00203BB6256459D
:10248800BCD016F8021B16F8013C54F82390994B5F
:10249800994502D3984B994536D3BB69002B40D058
:1024A800786A09F036F900283BD0E9468AB06A46CE
:1024B800924B53617B6AC2E906314FF4007313846F
:1024C8008F4B42F8103F8F4800234FF4125100F011
:1024D8002FFC023DCD46D2E716F8013BF96254F8CD
:1024E8002300FEF78DFAD7F88430F96A01304BB132
:1024F800D7F8883098453EBFD7F8843023F81800BD
:1025080008F10108054498E7BB6923B1786A09F026
:1025180000F90028C9D11BF0010F05D1FB6AED1A9B
:10252800ADE7BB6A002BAAD04846FEF769FAD7F890
:10253800843053B1D7F8883098453FBFD7F8842006
:10254800431C22F8183008F10108054497E7BAF14E
:10255800000F72D01BF0040672D0D046002607F197
:10256800480052463B61B9620BF09AFDB96A3B6973
:1025780001EB0A02BA62FA69F9695200FA60BA6AAA
:1025880002EB41023A610BF00202BA603A69B96A99
:102598008A4257D162787A621BF0020F32440CBF2C
:1025A8004FEA580100211BF0010FD2B240F09F8082
:1025B8001BF0040F14BF40460020BB616270A0707E
:1025C800E1703A6A7969FB6A20469847051EFFF66A
:1025D80015AFBB6923707B6A6370FB69E370414682
:1025E8003A6AFB6A84F802A007F148009847B0F1FC
:1025F8000008C0F2BB807B693A6AA9EB0A01C91AD4
:10260800FB68C91AD7E90A0398470028C0F2B080C6
:10261800A84408EB00054FF0000B07F1380AB34552
:1026280072D300213A6AFB6A08469847E6E656469E
:102638004FF0000807F1380093E75646D04697E771
:10264800B04695E7BA6A12F8021BBA6212F8015C42
:10265800284A54F82500904202D3274A90421ED3B4
:10266800BA6932B1786A7B6009F053F87B68002850
:102678008CD1BA6802BB08F1280207F1300C08F1C6
:102688000100944407F1580252FA80F008F1020858
:102698000CF8101C5FFA88F800F8105C76E7BA6945
:1026A8003AB1786A7B6009F034F87B6800287FF4D7
:1026B8006DAF1BF0010F09D006F1280207F13000B9
:1026C800711C161806F8205CCEB25FE71BF0040FE9
:1026D8003FF45CAF08F1280207F1300008F101016E
:1026E80002EB000808F8105C5FFA81F84EE700205A
:1026F80063E700BF6CE20008F00A010874F80008FC
:1027080004000001D0E800081BF80A3087F83730C9
:1027180054F82390D7F884302BB3D7F888309B45EA
:1027280021D2D7F8843033F81B803A6AFB6A01213A
:1027380007F13700984700281ADB0544B8F1000F65
:1027480006D14846FEF75CF900F101081FFA88F83F
:102758003A6AFB6A414648469847002808DB054420
:102768000BF1010B5BE74FF00008DEE7454645E655
:10277800054643E6014B1860704700BFB4000020CF
:1027880080B505460E461746984606F0CFFB034629
:1027980002F0CCFCDFF81890044649F800304246B5
:1027A80030463946A84754F8090002F007FB00BF35
:1027B80008000000034A536823F002035360002016
:1027C800704700BF002004E0084B1A6842F480728A
:1027D8001A601A6842F400721A601A6842F4806239
:1027E8001A60034B034A1A60704700BF003C02405E
:1027F800A40100200024F4002DE9F047DFF85880F8
:10280800044607464FF0010914B93846BDE8F08779
:1028180094FAA4F5B5FA85F509FA05F32E0108EB43
:1028280005156FEA030A24EA03042B7B002BEBD07F
:1028380058F806301B694BB9464404227368284689
:10284800196807EA0A0709F0DFFADDE7284698471A
:102858000028D9D1F0E700BF58E9000830B5104981
:10286800104889B000220BF0C8FA0F4D0F4900221A
:102878000023CDE9062300240E23CDE90334CDE956
:1028880001440B4B00944FF44072284606F09EF822
:10289800084928460BF084F9204609B030BD00BF2E
:1028A800C1280008F8070020300300200019002084
:1028B800DD2B000847F90008014805F075BE00BF88
:1028C800380200202DE9F047804620480F4609F0DD
:1028D80073FA0646002832D000252846BDE8F0875E
:1028E800237B83B12368DB680BB120469847636874
:1028F80083F8069023681B69CBB9636804221968BA
:10290800204609F081FA013610345445E8D3B8F16D
:10291800000FE2D0002DDFD02846FFF76DFF0546F7
:10292800002FF7D0002164200BF0D0F9F2E7204601
:1029380098470028E1D009FA06F31D43E3E7044C61
:10294800DFF810A005464FF00109DEE73C0E002035
:1029580058E9000868E90008014B53F8200070475F
:102968003CEC000808B5034608462BB1044A13603E
:1029780000F076FC002008BD6FF01500FBE700BFF3
:10298800B800002010B5044C237813B9034805F0AB
:102998000BFE0123237010BDCE1800203802002042
:1029A80010B504460B4809F007FA5CB1BFF35B8F1A
:1029B800094B53E8001F013943E80012002AF8D1F7
:1029C800BFF35B8F05480BF024FA0548BDE81040BB
:1029D80005F0EABD340E0020380E0020F80700206C
:1029E800380200200020064BBFF35B8F014653E8F6
:1029F800000F43E80012002AF9D1BFF35B8F70473C
:102A0800340E002070B5FFF7EDFF084C084E054660
:102A1800B44200D370BD63685B792BB123685B68EF
:102A280013B12946204698471034F1E758E90008C1
:102A380068E9000810B5044C0449204608F09FFFD7
:102A4800034B1C6010BD00BFE801002028EC000803
:102A58002C0E00200D4A0E48002310B513700D4AA5
:102A680013600D4A4FF47A711360FFF77BFFFFF78D
:102A7800E1FF0A4B0A4918468B4200D310BD1A1AC7
:102A88005C681211013222711033F5E7CF1800206B
:102A9800DBBD0008340E0020380E002058E900087D
:102AA80068E90008014600220148002308F088BFB1
:102AB800E8010020014809F021B800BFE801002022
:102AC800024B0146186809F074B800BF2C0E0020AC
:102AD800014809F0A9B800BFE801002070B5264BED
:102AE8001878002846D0FFF7E5FF054600283ED1B4
:102AF800224B234C1B68002B12DD0BF07CF90A22B9
:102B08000023FDF763FFD4E90032C01A40F2E9332D
:102B180061EB0201984271F1000101D3FFF772FFE6
:102B2800D4E9003213F57A7342F10002C4E90032A5
:102B3800BDE87040FFF7CCBF63685B7923B12368B9
:102B480029461B68204698471034B442F4D32846D7
:102B5800FFF7B6FFBFF35B8F0A4B53E8001F01393D
:102B680043E80012002AF8D1BFF35B8FC0E7064C98
:102B7800064EEAE770BD00BFCE180020340E0020D4
:102B8800F0070020380E002058E9000868E900081E
:102B980070B50D4D297861B90120FFF793FE0B4CF4
:102BA8000B4EB44206D3FFF799FF0028FBD101234F
:102BB8002B7070BD63685B791BB1236820469B68E6
:102BC80098471034EDE700BFCF18002058E90008F7
:102BD80068E9000800212DE9F0470846FFF772FE72
:102BE800044658B34FF4FA784FF0000902F09EFA01
:102BF8001B4B1C4A1B58136033B11B4B1B68092B1A
:102C080002DD1A4805F0D0FC194FDFF860A0002556
:102C180044B12046FFF7F0FD044618B94FF0FF38DD
:102C28004FF0FF39FFF75AFF064628B9B5B94246B3
:102C38004B46504605F0ECFC3546E9E74FF0FF38C7
:102C48004FF0FF39D2E72B689B691BB10022114670
:102C5800284698471035BD42F5D3E8E7054DFAE711
:102C680008000000300E0020380E00203802002036
:102C780068E9000858E9000813B5184809F09CF8F5
:102C8800174B1B7873B1EFF31184102383F3128869
:102C9800BFF36F8FFFF722FF84F31188BFF36F8FA5
:102CA80002B010BD0F4B1B68002BF9D050B90022A1
:102CB8000023CDE900230C4842F21072002306F0ED
:102CC80021FCEDE70928EBD107480BF0A2F80748EB
:102CD80002B0BDE8104005F067BC00BF380E002008
:102CE800CF180020300E0020F807002038020020FE
:102CF80010B5064B1B68044698472146A060044857
:102D080008F0DDFEBDE81040FFF7B6BFB8000020B0
:102D1800E8010020044A054B9B1AB1EBD30F34BFDE
:102D280052F8310000207047C8E8000858E9000848
:102D38002DE9F04F8FB004AFC1F34A28B8600D46B3
:102D480091467B600C0DB8F1000F63D0002607F1A7
:102D580014034FF0040B4FF00A0AC7F80C80C7E9B8
:102D680007667E620193CDF808B0CDF800A007F1A0
:102D78001C03F96832464846FFF716FBB0F5006FAA
:102D880003461CD36C468AB0D9F8041004AB264815
:102D9800C3E9050140F2FF71D9611A464FF4007189
:102DA8001984224B42F8103F214833464FF4125100
:102DB800FFF7BEFFA5462C37BD46BDE8F08FC0F330
:102DC8000A0804F11700184420F0070080083B6047
:102DD800FFF768FE68F35325044690B13B68154A2F
:102DE800C7E9083600F1100107F11403F961CDE9CC
:102DF80000A3CDF808B0F96807F11C034846FFF7AF
:102E0800D3FA68F353257B68B9682A46204609F047
:102E18001BF8D0E704F1170020F007008008FFF73F
:102E280041FE0446EDE700BF5CF90008040000011C
:102E3800E0E8000823BE00082DE9F04F87B0DDE97F
:102E48001279DDE9105A0446039193469846BFB1BA
:102E5800CDF800903B46524610210020CDF8149042
:102E6800FFF7D0F8B0F5006F06460AD3184A19489C
:102E780040F2FF73022107B0BDE8F04F09F03DB8FA
:102E88003E4605F11700304420F0070004F007041F
:102E98008008FFF707FE0BF0070BE40044EA8B14E9
:102EA80044EA462444EA0554054640B13FB1CDF80A
:102EB80000903B46524631461030FFF7A3F803997D
:102EC80043462246284607B0BDE8F04F08F0BCBF8D
:102ED8009BF90008E0E80008406820B1034BC01ADD
:102EE80040F3CF0070474FF0FF307047C8E8000844
:102EF8000EB403B503AB014653F8042B0448019301
:102F080002F0A2FA02B05DF804EB03B0704700BF0C
:102F180065BF0008CA0605D48B064CBF02490349A1
:102F2800FFF7E6BF704700BFD9F60008D3F90008DD
:102F38002DE9F04F8BB09B46169B06939DF854A045
:102F4800179B0593189B199E049304460D469046BB
:102F5800BAF1000F00F09E8006F00103089306F016
:102F68000803079306F48073099308F04BFF06F0F3
:102F78000209024600283BD08F492046FFF7B8FFD8
:102F88000746B9F1000F08D016F0440F32D18B492B
:102F98002A462046FFF7ACFF0744089B53B1884BED
:102FA800884953F82A20884B2046002A08BF1A4629
:102FB800FFF79EFF099B002B48D0079B002B62D18F
:102FC800B8F1000F64D0814942462046FFF790FFD0
:102FD8000546069B3D44002B6BD1049B002B71D109
:102FE800F30700F1E28031462046FFF793FFD6E071
:102FF8000746C6E7764B18680028CDD0754B4FF4C6
:103008007A791B68B5FBF3F54FF46163B5FBF0F112
:1030180000FB115509FB05F54FF03C0CB1FBF3F231
:1030280003FB1211B5FBF0FEB1FBFCF300FB1E55D0
:103038000CFB131109FB05F50091B5FBF0F566498A
:10304800CDE901E52046FFF753FFA5E7079BEBB164
:10305800624B634953F82A202046FFF749FF05468B
:10306800B8F1000F05D0594942462046FFF740FF06
:103078000544BBF1000FACD05A495A462046FFF729
:1030880037FF0544A5E74FF0000BE1E7079DE7E7A9
:1030980045469EE7BBF1010F069B06D1002B64D184
:1030A800049B002B7BD000250CE0002BF8D04E4869
:1030B8005CE04E48069B4E49224608F0F9FA049B0C
:1030C800002B68D0DFF83881DFF83891049F31464B
:1030D800102F204628BF1027FFF71CFF4FF0000BCA
:1030E8005D4545DC059B49461A782046FFF700FFF9
:1030F8004FF0010B1BF0070F03D141462046FFF7A5
:10310800F7FE5F453BD9059B494613F80B2020463F
:10311800FFF7EEFE0BF1010BBBF1100FEAD13549B9
:1031280020464FF0000BFFF7E3FE5A46059B9A5CDA
:10313800A2F120015F2928BF2E222F492046FFF740
:10314800D7FE0BF1010BBBF1100F1DD01BF0070FC1
:1031580003D141462046FFF7CBFE5F455A46E5D8E6
:1031680041462046FFF7C4FEEBE720485546A1E755
:1031780041462046FFF7BCFE0BF1010BB0E71F49A3
:103188002046FFF7B5FEC5E7059B3B440593049B26
:10319800DB1B04939AD1BAF1000F7FF421AF2046CC
:1031A8000BB0BDE8F04F08F0CCBE074A05492046F1
:1031B800FFF79EFE17E700BFDBF90008DFF90008FC
:1031C8004CEC0008C6070108D6F9000804FA000804
:1031D800440E0020400E0020E8F9000860EC0008CA
:1031E80008FA00080EFA00089BBF000865BF00082F
:1031F800515400081DFA00081FFA000819FA0008BF
:103208001BFA000813FA000873B542F20F738B42D9
:1032180028BF0B4605680F4A04460521684606F094
:10322800C5F963680C495B6806460B22284608F016
:103238007AFE63683246694628465B6808F073FE82
:10324800636806495B681B22284608F06CFE02B0DA
:1032580070BD00BF650501083EFA000822FA0008A3
:10326800074A00210123904206D8064A01B90123E2
:103278001360054B1860704740085B000121F2E7B6
:1032880040420F00400E0020440E0020F8B5074FC2
:103298000D4604464618B44201D12846F8BD14F834
:1032A800011BBB6801485B689847F4E768E40008BD
:1032B800014B036000207047A8EC0008F0B40D4BE8
:1032C8000D4E5F6A0D4BB34203D36FF08500F0BC1F
:1032D80070475C68BC420AD31D6945B194F802C0C6
:1032E8008488E4B2A44502D12B46F0BC18472433A5
:1032F800E9E700BF6C0E0020240300200003002033
:103308002DE9F047144CDFF85480DFF85490054657
:103318000E461746444503D36FF08500BDE8F08795
:103328006268D9F824309A4213D3A3698BB1A9886B
:103338009078C9B2884205D13A4631462846BDE858
:10334800F04718475279012A03D13A4631462846B0
:1033580098472434DEE700BF000300202403002040
:103368006C0E00202DE9F0410B4CDFF8308005464B
:103378000E461746444502D36FF0850009E063699D
:103388000BB92434F6E73A463146284698470028D0
:10339800F7D1BDE8F08100BF00030020240300201E
:1033A800024B00221A605A60704700BF270F0020A6
:1033B80070B50B4B0B4CA34201D3002070BD196AAA
:1033C8001E7F00220439D5B2AE4201D82433F2E779
:1033D800013211F832508542F5D10120EEE700BFE5
:1033E800000300202403002073B58488E4B2630638
:1033F8000D468DF8074007D02046FFF7D9FFB0B13A
:10340800144B93F8BA0090B1124E23468DB1124A6C
:103418001248032108F039FE9DF8070002F0F2FA7D
:10342800F3691BB10DF1070108209847012002B08C
:1034380070BD0B4A0948032108F027FE9DF80700D4
:1034480002F002FBF369002BF0D00DF1070109200F
:10345800EBE700BF6C0E002084FA000848E900087A
:1034680097FA000808B5044A03460121034808F002
:103478000CFE002008BD00BFACFA000848E90008AF
:1034880038B5054602F036FB10F1780F044611D125
:103498000D4A0E482B46022108F0F7FD284608F091
:1034A800F6FD0B4AD2F8C43023EA0003C2F8C43050
:1034B800002407E00028F1D0064A04482B460121E1
:1034C80008F0E3FD204638BDC7FA000848E90008BF
:1034D8006C0E0020E8FA000808B509480378C3F321
:1034E80041130A3350F823303BB100F1080200F1D0
:1034F80010019847C043C00F08BD1846FCE700BF3D
:103508006C0E002004282DE9F74FDFF8A49004463C
:103518000F4615D001282FD1DFF8908098F8B930E0
:1035280053B300F0B3FE204D4D4522D22A6A4FF026
:10353800000A2B7F5FFA8AF6B34204D82435F3E7F2
:10354800FFF72EFFE8E702EBC6060192307902F09A
:10355800D1FA8346307908F09AFDD8F8C430019A38
:1035680023EA0003BBF1000FC8F8C4300AF1010ACE
:10357800DFDA002388F8B9300B4D4D4508D30B4BE3
:103588001B6A6BB13946204603B0BDE8F04F1847B7
:10359800EB681BB13A462146284698472435ECE7A4
:1035A80003B0BDE8F08F00BF000300206C0E0020C0
:1035B8002403002073B5044680788DF80000237931
:1035C8006279294D43EA0223ADF80230E37803F02B
:1035D80003038DF8043008F05AFDD5F8C4301842BA
:1035E80006460CD0A478204600F032FE2046FFF7AD
:1035F80047FF0AF0CFFA10B996200AF086FB684612
:1036080008F08AFF10F1780F9DF800301BD1174A97
:103618001748022108F039FD9DF8000002F03AFA37
:1036280010F1780F19D19DF80030124A1048022184
:1036380008F02BFDD5F8C4300120334385F8B900D4
:10364800C5F8C43007E00028E6D00B4A0848012135
:1036580008F01BFD002002B070BD0028EAD09DF8DC
:103668000030064AF2E700BF6C0E00200AFB000893
:1036780048E9000851FB00082DFB000871FB000811
:103688002DE9F047A84EB36904460F461546FBB925
:10369800237803F01F03012B00F09E80022B00F01B
:1036A800068133BB94F900002A686178002834DA6F
:1036B800062912D008292BD0D9B9012313705170CB
:1036C80096F8C3305B0043F001031370022328E12E
:1036D80098470028DCD100200DE06288100A011FFD
:1036E8000129844605D9072803D8716AD2B20C7813
:1036F8001CB96FF01500BDE8F0874E78664503D118
:103708009A4200F0098101332144F0E70B7808E17F
:1037180096F8BA301370012303E101390829E8D873
:1037280001A353F821F000BFCB370008FB3600088F
:10373800D9370008FB36000855370008FB36000863
:10374800FB360008FB360008633700086088C0B203
:1037580002F0E4F80028BED0CBE76388756A63BB43
:10376800FFF71EFE638886F8BA30F369002BB2D0E3
:103778006E4903209847AEE76B78042B10D0052BD1
:1037880011D0022B04D16F796388BB4208BF012096
:103798002B781D442B78002BEED10028A9D0DFE729
:1037A80095F80380F4E76388BB42F1D1B8F1000FC4
:1037B800EED12846FFF7FEFEEAE7FF270020B846CD
:1037C800E8E76388012B94D1002386F8C33082E7A9
:1037D8006388012B8DD1F8E796F8BA30D5F800C088
:1037E800002B86D0A388756A5FFA83FE2A46107874
:1037F80000283FF47EAF5178022904D192F8048062
:10380800F04500F295800244F1E78CF800208CF82E
:10381800012039605FE7154496E00B2A7FF469AF11
:1038280000274FF0FF08C146BA4606E06B78042B24
:103838000FD0052B21D02B781D442B78002BF5D1E8
:10384800F36913B1514607209847002F7FF443AF1F
:103858004FE795F80280A38895F803909845EAD138
:1038680063889945E7D1B8F1070F1DD806EB08031F
:10387800AA4683F8BB900127DDE7A3884345DAD140
:103888006388DBB24B450AD0AF78384600F0E0FCDD
:103898003846FFF7F5FDB0FA80F77F09CBE72846F1
:1038A800FFF788FE0746C6E7AA460027C3E794F94C
:1038B80000206378002A19DA002B7FF41AAFA38856
:1038C8002D68DCB25B060AD02046FFF771FD0028A0
:1038D8003FF40FAF96F8BA30002B3FF40AAF2946F1
:1038E800204608F02EFE00236B70EFE6012B08D06F
:1038F800032B7FF4FEAE6388002B7FF4FAAE012120
:1039080003E0618800297FF4F4AE2046FFF76CFDE0
:1039180000287FF4E0AEECE6022829607FF4F6AEDA
:103928004B883B60D7E600BF6C0E0020260F0020B6
:1039380094F9000062780028BFF66FAF002A3FF4C0
:1039480064AF0A2A7FF4D5AE2A78002A3FF4D1AEB4
:10395800697804297FF45FAFA9788B427FF45BAF65
:10396800072B96BF9B19002393F8BB308CF80030C7
:10397800D1E600BF2DE9F84FDFF83CB0DFF83CA0F6
:1039880005460F469046994604264B464246394618
:10399800284602F0DDF810F10B0F044609D12B463A
:1039A8005A460221504608F070FB05F01BFA013E0A
:1039B800EBD12046BDE8F88F92FB000848E90008E3
:1039C80013B5164C237DF3B9E268A168019201ABE7
:1039D8008020FFF7CFFF019AA3681344A360E36830
:1039E8009B1AE3606BB962B12369E2889A4208DDE9
:1039F80094F8C82093FBF2F102FB11330BB90123B1
:103A0800237502B010BD00231A461946802023757D
:103A180002B0BDE8104002F09BB800BF6C0E002059
:103A28007FB500230D4601930646002862D1002980
:103A38003AD108220B460DEB020108F08FFD002851
:103A480004DA802001F0DEFF04B070BD2E4C029A2B
:103A58002260039A626004F13802A2609DF908208E
:103A6800BDF80E302575002AC4E903550FDB802BFD
:103A780009D9264A2648012108F036FA802001F0A3
:103A8800C1FF2846DEE713B1C4E90333DCE7FFF7DB
:103A980023FD0028D5D0E28823699A42D4BFE2608A
:103AA800E360FFF78DFFCFE7174CD4E90212002A35
:103AB80001AB05DC024608F051FD0028C4DAC0E776
:103AC80008F04CFD002804DA802001F09BFF304606
:103AD800B8E7019AA3681344A360E3689B1AE360FC
:103AE800002BB1D104F13803A360FFF7F5FC0028DF
:103AF800D7D1A6E78028A7D1034BDA68002AD0D10E
:103B08001B7D002BCDD19FE76C0E0020B9FB000870
:103B180048E90008054B064A9A62064ADA62064AEC
:103B28001A63064A58629A61002070476C0E00209A
:103B380089360008C53200086D33000809330008CB
:103B48002DE9F34104464C4D4C484FF0FF334FF0FC
:103B5800FF3204F061FC95F8B8306BB1484A494827
:103B6800022108F0C1F96FF07704444804F0CCFC56
:103B7800204602B0BDE8F0816B6A6BB900F0D4F85A
:103B8800FFF7C8FF6B6A3BB93F4A3E48012108F07E
:103B9800ABF94FF0FF34E8E73C482C62E8616E6A05
:103BA80001F0B6FE01F0E8FD041EDEDB00F090FB3C
:103BB800041EDADB7378012B01D1F3793BB9344A5F
:103BC8003048012108F090F96FF01504CDE7002680
:103BD800684685F8C830ADF802308DF804608DF875
:103BE800006008F099FC041EBFDB802768468DF84A
:103BF800007008F091FC041EB7DB2649304608F037
:103C080080FC041EB1DB2349384608F07AFC041E08
:103C1800ABDB214CDFF8848044451AD3002001F047
:103C280039FF041EA1DBD5F8C430802043F001031E
:103C3800C5F8C43001F02EFF041E96DBD5F8C43059
:103C480043F48033C5F8C430012385F8B830002424
:103C58008BE7276A0026227FF3B29A4201D82434E0
:103C6800DAE707EBC30257F83310107908F049FC7C
:103C780001360028EFD08CE76C0E002024020020CB
:103C8800D2FB000848E90008F5FB00080D350008DC
:103C98001AFC0008293A0008000300202403002029
:103CA80030B51F4B8BB005AA03F110051868596889
:103CB800144603C40833AB422246F7D11B7823705D
:103CC8001022002101A80AF0F9F912220021154852
:103CD8000AF0F4F9102101A802F07AFA00281BDD95
:103CE8000828B8BF0820093801AB0E491A18002067
:103CF80012F8013F0AAC04EB131403F00F03283346
:103D08006B44013014F8144C13F8143C0C70082858
:103D18004B7001F10201EBD102480BB030BD00BF7E
:103D280054FC0008D21800202DE9F04F8A4B87B0C8
:103D380093F800A000AFBAF1000F04D087481C37F1
:103D4800BD46BDE8F08F854C00264FF00119FE6096
:103D58003546B04623783BB9814B02349C42F3D1B7
:103D68007D4A01231370E9E76378052B1DD8DFE846
:103D780013F0AF000600F000AF001F005000402312
:103D880087F810A07B8287F814A007F1100001F0D3
:103D980021FE40B108237B8207F1100001F01AFED2
:103DA80008B1A7F812A07B8AE37123781C44D1E7F5
:103DB800E378002BF9D1A37813B3FB680133DBB2A6
:103DC800FB60F2E76B689C421CD02435654B9D4232
:103DD800F8D36D4688B06A46634BC2E905340323BD
:103DE80042F8103F614800234FF4C251FEF7A0FF8C
:103DF800AD465E485E4A012108F076F800209EE74D
:103E08005C4DE3E7AB68002BD7D0F96820469847AC
:103E1800D3E7002D5AD1584A5448012108F064F8D4
:103E2800E7E72B6AA07803EBC2010B79984247D1E8
:103E38004FF0010BE07800F003003875207994F812
:103E480005C040EA0C20788294F9020000285FFA45
:103E58008BF328DA0BF110004FF0010C0CFA00F08C
:103E680010EA090F27D143F08000387407F11000D9
:103E7800C7E90031BA6001F0ADFDD7E901123B682E
:103E8800C8B93A7CA27012F0800F18BF10330A71BB
:103E980018BFDBB24FF0010214BF9A4002FA0BF2CE
:103EA80049EA020981E7012000FA0BF010EA090F3C
:103EB80001D11846D9E70BF1010BBBF1100FB9D1AD
:103EC80001322B7F9A42ACD32C4AA5E70022F8E7AF
:103ED800032E24D1FFF7E4FE8346A0B1FCF790FD42
:103EE800034680B1102806D0B860254A1F48022131
:103EF80007F0FAFFBB68102BA8BF10231A465946D3
:103F0800A01C0AF0CDF823786FF00201E218091B13
:103F180004EB5303D14209D50136F6B245E7002E2A
:103F2800F1D1B8F1000F08D1164A75E702F801ACD3
:103F380013F8010902F8020DECE7A4EB080388F86E
:103F48000230C3F3072388F80330FB6888F804308D
:103F5800E2E7A04629E700BFD11800204802002068
:103F6800FF0200202403002065FC000840E9000847
:103F78004BFD00080003002085FC0008C6FC000873
:103F8800E3FC00082EFD000810B5094B00211A4675
:103F98001C78844204D15C6814B102EB811010BD16
:103FA8000131042903F14003F2D10020F7E700BFF3
:103FB800380F00202DE9FF4150F8283C10F82C6CF0
:103FC800103304460AD1036950F8202C98073DD5D0
:103FD800D2B9590715D5002344F8283C54F8283C91
:103FE80010330BD054E9077554F8148C09F0D2FD3E
:103FF800002857D03248214609F0B0FD04B0BDE88A
:10400800F08143F00403236103AB54F8241C3046C9
:10401800FFF7B0FC034640B12A4A2B48009601211D
:1040280007F075FF6FF01503D6E7039A54F8243CA0
:10403800134444F8243C54F8203C9B1A44F8203C90
:1040480054F81C3C134444F81C3CC7E703AB54F831
:10405800241C304601F0E6FD03460028DCD1039D10
:1040680054F8243C2B4444F8243C54F8203C5B1B73
:1040780044F8203C54F81C3C2B4444F81C3C002DCC
:10408800A9D0304608F078FAB5FBF0F303FB1055D9
:10409800002DA0D154F8203C002B9CD0304601F0D4
:1040A80009FE9BE744F8180CA4F1100004F07CFA10
:1040B800002DA3D0424639463046A8479EE700BFA8
:1040C8003008002079FD000850E900084B1E012B3C
:1040D80073B506460D4614D8FFF756FF044690B947
:1040E800012D0ED101AB01220DF10301304601F083
:1040F80099FD019B002BF5D10C4A0D48012107F0D1
:10410800F3FE02B070BD09F045FD04F12C0108B1C1
:10411800012D05D1084602B0BDE87040FFF74ABF3F
:10412800044802B0BDE8704009F018BD96FD0008CB
:1041380050E90008300800202DE9F74F05460191A5
:104148001646984607F0E1FF002871D1EFF3118376
:104158001022009382F31288BFF36F8FDFF8E89084
:10416800834600220023484604F052FAA0B9DFF83B
:10417800DCA04FEA8B170AEB8B1BDBF8044014F129
:10418800100F20D12C4A2D482B46012107F0B5FEEF
:10419800484604F009FA0DE00BF1010BBBF1040FDE
:1041A80009F14009DDD1264A2448012107F09CFE87
:1041B8006FF00B04009B83F31188BFF36F8F2046C9
:1041C80003B0BDE8F08F0C99019BCBF814100D9942
:1041D800CBF81000CBF8181028466FF00F01CBE988
:1041E80002360AF80750CBF83C80CBF8041008F0E8
:1041F800C3F968B1284608F0BFF9B6FBF0F101FB36
:1042080010662EB1DBF83C1041F00401CBF83C10ED
:1042180018F0020F07D007F12C010A48514409F0A1
:104228009DFC0024C6E7284601F044FD0446C1E78A
:104238006FF00F04C3E700BFCBFD000850E900088A
:10424800B0FD000830080020540F0020380F00206F
:1042580010B5EFF31184102383F31288BFF36F8F27
:10426800FFF792FE50B14368103307D16FF08B030C
:10427800436000F12C01044809F070FC84F31188B4
:10428800BFF36F8F10BD00BF30080020F8B50E4C8B
:1042980004251027EFF3118687F31288BFF36F8F79
:1042A8006368103307D16FF08B030848636004F12B
:1042B8002C0109F053FC86F31188BFF36F8F013D81
:1042C80004F14004E6D1F8BD380F00203008002082
:1042D80070B50A4C0A4E00253146204609F022FCEA
:1042E8000122A4F110001146013509F0DFFB042D6D
:1042F80004F14004F0D1002070BD00BF640F00201D
:10430800BD3F00080169012381F84B300B6833B1C8
:1043180091F849301BB10248083109F01FBC7047B9
:10432800300800200169012381F84A300B6833B155
:1043380091F848301BB10248083109F00FBC7047AA
:104348003008002070B50569EFF31186102383F358
:104358001288BFF36F8FD5F8900007F0CDFC0446A4
:1043680086F31188BFF36F8F30B104480022002311
:1043780005F1180104F0B4FA204670BD3008002099
:1043880070B5012382F8483013680D4614463BB1D6
:1043980092F84A3023B10E4802F1080109F0DEFB19
:1043A800D4F89030DA885B899A4205D17DB904F156
:1043B80018014FF47A7204E004F11801002DF8D0C6
:1043C8000022BDE870400248002304F089BA70BD9D
:1043D8003008002070B50E4681880446C9B21548D9
:1043E800154607F06EFE10B394F900206378002A92
:1043F80016DB202B04D0222B0ED06FF085000AE0AC
:104408002B681A6840F8102C9A8820F80C2C9B7995
:1044180000F80A3C002070BD638800F8093CF9E701
:10442800212BEAD11038072328603360F2E76FF0B8
:104438001200F0E73C10002008B50146034807F0D9
:104448004EFE10B1012300F8073C08BD3C100020C7
:104458000D4A03460021A0F848101068C3F89400DC
:1044680090889279A3F8980083F89A2083F89C1092
:1044780083F89B10A3F89E1083F8A010402203F144
:104488004C0009F01BBE00BF70E9000810B50469B4
:104498000023C4F8A8300C4BC4F8A400596804F1F0
:1044A800A80269B9C3E9002204F10800074909F024
:1044B80039FB04F11800064909F060FB002010BD23
:1044C8000A605A60F0E700BF3C1000203DC10008B8
:1044D800A545000830B54FF40033426805690D4C16
:1044E80085B042F2A100CDE90103002385F89D3093
:1044F800106AADF80C1000790A2201A9FFF73AFA00
:1045080095F89D3023B9012009F084FA013CF7D1D0
:1045180005B030BDA186010073B504698DF8071098
:10452800002384F848301025EFF3118685F31288AC
:10453800BFF36F8F0122D4F890000DF1070107F047
:10454800DBFB86F31188BFF36F8F012813D009F0C6
:1045580021FB10B994F8A130B3B90E4BBFF35B8FB0
:10456800012253E8001F002903D143E80020002856
:10457800F7D1BFF35B8F0A22002304F11801064824
:1045880004F0AEF902B070BD00210A2009F09EFBCC
:10459800CAE700BF3810002030080020F0B5D0F876
:1045A8008C305B681B6A1F7D85B00546384607F06E
:1045B800ACFD064650BB95F886303BB3A86F014664
:1045C800C38831F80A2F9B1A9BB2B3F5806F28BFB6
:1045D8004FF4806303AA07F040FB0446B0B183069A
:1045E800A5F1180308BF00F1FF3485F83060019386
:1045F800074B03990093224602233846FFF79CFD98
:10460800A86F224600F10A0107F05DFB05B0F0BD76
:104618008943000837B514460A1E054621DDD4F83B
:104628008C0004F14C0107F067FB012384F8493042
:1046380023683BB194F84B3023B1114804F10801C9
:1046480009F08CFAD4F88C209388918912695B1A46
:104658009BB2D31A3F2B04D8012384F8A03003B0AF
:1046680030BD94F89E30002BF9D0064B009301948E
:104678000123402204F14C012846FFF75DFDEEE7D7
:10468800300800201D460008F7B50D4601461D48B4
:1046980007F00BFD044610B30646691E56F8A43908
:1046A8005F6805291BD8DFE801F01C1A031C2226C5
:1046B80010F8061C99B9012300F8063C3B6A3246FB
:1046C800187BFFF7A7FF14F85C2C42B93B6A187DEA
:1046D8000D4B0093019602231146FFF72DFD03B001
:1046E800F0BD304603B0BDE8F040FFF7B1BE01238E
:1046F80004F8053CF3E710F8053C002BEFD0002345
:10470800F6E700BF3C1000208943000837B5094D83
:104718000949002400944FF0FF334FF48062284683
:1047280004F09EF80549284609F03AFA204603B0F5
:1047380030BD00BF30080020801C00200FFE00089C
:1047480008B50348034A0021121A07F020FE08BDE5
:1047580028030020E81800200748084A084908B537
:10476800121A07F016FE0748074A0849BDE808402C
:10477800121A07F00EBE00BF00000020240300201C
:10478800F00A01080000002000000020F00A0108DB
:104798002DE9F84F804600AF0C46002965D0E94660
:1047A8008AB0D1E90012A3686D4639482E464FF009
:1047B800050AC5E90501C5E9072346F810AF3548DC
:1047C800324600234FF42151FEF7B2FACD46D4E920
:1047D80003126369AD463048C5F810A0C5E9050164
:1047E800C5E907232B48002332464FF42151FEF731
:1047F8009FFACD46E369294A2648DFF8B0B001217F
:1048080007F07BFB264600254FF00A0AE9468EB0E2
:10481800D6E908E0D6E90A136A46C2F81CE005F1B1
:10482800010EC2E908E0A81CC2E90A01E91CC2E9B4
:1048380005B5C2E90C1342F810AF1648002345F23B
:1048480040010435FEF774FA102DCD4606F1100626
:10485800DCD1236E124A0F48012107F04EFBA369F1
:10486800104A0C48012107F048FBB8F1010F07D1A5
:10487800EFF305830C4A0748103B414607F03DFB20
:104888002146404603F03EFCBD46BDE8F88F00BF18
:1048980018FE000800E9000847FE000876FE000838
:1048A800C8FE0008D7FE000805FF000885FE0008BE
:1048B80030BFFFF7FDBF00BF2DE9F0410B4EDFF819
:1048C800348006EB0807CC1B0546324608492046CB
:1048D80009F0E6FBA01942460021083C09F0EEFB6E
:1048E8002C6707F10800BDE8F08100BF0000000058
:1048F80068E9000804000000054B9A699B689A4221
:104908001FBF044A536843F080535360704700BF89
:104918009418002000ED00E070B5294C06460D46BD
:104928002848294907F042FDA36AD9043CD52548FF
:10493800264907F03BFD1720A36A1A0504D521482C
:10494800234907F033FD18201D4CA36A9B0512D597
:104958001C48204907F02AFDA36BA26A100409D558
:104968001D4A1848012107F0C8FA1EB1A36A23F4AA
:104978000043A3621920124CA36A590504D51148B3
:10498800164907F013FD1A20A36ADA050ED50D485B
:10499800134907F00BFD1B20094A936A43F47F4330
:1049A800936200232B7070BD1620C5E7A36A9B0491
:1049B800F2D504480B4907F0F9FC1C20ECE700BFCE
:1049C80000ED00E000E9000818FF00082EFF0008CD
:1049D8003FFF000852FF00086BFF000880FF000837
:1049E8009BFF0008B3FF000810B5204C2049214860
:1049F80007F0DCFCA36A990136D51E481E4907F06A
:104A0800D5FC1E20A36ADA0104D51A481B4907F011
:104A1800CDFC1F20154CA36A1B0304D51548184963
:104A280007F0C4FC2120A36A590304D5114815498D
:104A380007F0BCFC22200D4CA36A9A0304D50D484C
:104A4800114907F0B3FC2320A36ADB0304D5094806
:104A58000E4907F0ABFC2420044A936A6FEA03432B
:104A68006FEA1343936210BD1D20CBE700ED00E011
:104A7800E2FF000800E90008FAFF00080D0001083D
:104A880027000108450001086A00010884000108A0
:104A98002DE9F843364D804689463648364917464B
:104AA80007F084FCAB6ADE0627D53449314807F0A5
:104AB8007DFC1124AB6A1D0704D531492D4807F048
:104AC80075FC12242A4DAB6A980718D52D49294838
:104AD80007F06CFC6E6BAB6A190646D52A4A254866
:104AE8003346012107F009FAB9F1000F03D0AB6A88
:104AF80023F08003AB62132403E01024DAE76FF09D
:104B080015061B4DAB6ADA0704D52049194807F08A
:104B18004DFC1424AB6A9B0604D51D49154807F0C3
:104B280045FC1524124B9A6AD50602D49A6A900756
:104B38000AD55B68190507D54146304600F06CFA7E
:104B480010B180F309880224094B9A6A920642BF81
:104B58005A6A22F400525A629A6A42F0FF029A6232
:104B680000233B702046BDE8F8836FF01506C2E7C6
:104B780000ED00E000E90008AF000108C5000108E9
:104B88003FFF0008F800010810010108260101088C
:104B9800B3FF00082DE9F041634B9CB0D3F80480C3
:104BA80000AF0546C8F30804002686F31188BFF352
:104BB8006F8F02F07F43B3F17F4F07D102F00C03F0
:104BC800082B12D159495A4807F0F0FB0026354600
:104BD8000023FB71E31E092B00F28480DFE803F059
:104BE8000A7A7D7682828282828010074CBF0D46C7
:104BF8000126EDE74F494E484B4C07F0D7FB002301
:104C0800FB71E36A9A0705D54B49494807F0CEFB83
:104C1800002432E0E36A002B01DA4849F5E7E36A49
:104C28005B00F5D54649424807F0C0FB6369AA69AD
:104C380043F480736361BFF34F8FBFF36F8F636972
:104C480032F8022C23F480736361BFF34F8FBFF3F4
:104C58006F8F4DF602739A4208D0A36ADBB243B352
:104C6800FA1D01212846FFF713FF31E02B68354A6A
:104C78002F48012107F041F92C68FB79ABB968226C
:104C8800294607F1080009F00BFA7B6A002E45D087
:104C9800C3F3080222B96FEA53236FEA43237B6206
:104CA80007F108012046FFF773FD7037BD46BDE8E0
:104CB800F081A36A13F47F4F04D0F91D0120FFF798
:104CC8002BFE05E0A36AB3F5803FA1D3FFF78CFE66
:104CD8000446D2E7FA1D0021C4E7F91D0020EEE7DB
:104CE800194992E7194A1A4B18F4F87FE8468AB02E
:104CF80018BF13466A461749C2E905134FF40073F3
:104D08001384103C144BD46142F8103F0848002328
:104D18004FF41151FEF70CF8C54679E723F4FF73F9
:104D280023F00103BBE700BF00ED00E073010108B9
:104D380000E900089E010108B5010108D601010833
:104D4800E4010108030201081F0201085A010108D1
:104D5800450101084302010804000001044B5A6997
:104D680042F010025A615A6922F008025A617047EB
:104D780000ED00E0EFF30880EFF3098101B572461A
:104D8800FFF708FF01BD00BF0A4880F3088810201C
:104D980080F3118808484FF40861401880F30988A7
:104DA800EFF314800221084380F31488BFF36F8F58
:104DB80000F0C2F8802F002000210020084B9B68DB
:104DC80083420BD1EFF3058343B1064B5A6842F097
:104DD80080525A605A6A22F400425A6204F0ACB80F
:104DE8009418002000ED00E023498A6882F8BDE0AD
:104DF8004FF030001044EFF3098C80E8F01F1EF0EC
:104E0800100F03D102F17C0080EC108A102080F38F
:104E18001288BFF36F8F194F4FF000668A698A6056
:104E28003E60106F164C206092F9BDE0506F002371
:104E3800536780F311881EF0100F03D00023E1EEB2
:104E4800103A03E002F17C0090EC108AEFF314832F
:104E580023F0040383F31488BFF36F8F04B510465F
:104E680000F076F9BDE8044002F1300090E8F01F48
:104E78008CF30988704700009418002004ED00E0C6
:104E8800441000201EF0040F0CBFEFF30880EFF36E
:104E98000980816911F8021C0229FFD001B5724608
:104EA80007F079FA01BD00BF40B2002807DB044AC9
:104EB8004109012300F01F00834042F82130704768
:104EC80000E100E040B200280CDB4309064900F08D
:104ED8001F0020330122824041F82320BFF34F8F67
:104EE800BFF36F8F704700BF00E100E040B20028B9
:104EF800A8BF00F1604001F10101B8BF064B4FEABD
:104F08000111ACBF00F5614000F00F00C9B2B4BF99
:104F1800195480F80013704714ED00E0044B054A5B
:104F280023F07F039360BFF34F8FBFF36F8F7047FA
:104F38000000000800ED00E008B5FFF7EFFF104B98
:104F4800D3F8882022F47002C3F88820D3F8882088
:104F580042F4A002C3F888204FF04042C3F834223C
:104F6800BFF34F8FBFF36F8F0023E1EE103AFFF7C7
:104F7800E7FBFFF7F1FB00F0BBF803F0E5F900BF32
:104F880000ED00E04FF47D41C0F8BC1042F8203C31
:104F9800009B42F81C3C0A49019B42F8183C029BC2
:104FA80042F8143C21F001014FF0807342F8043CB0
:104FB80042F8081C0023203A02654367704700BF87
:104FC80089270008838913F0020F124B03D190F848
:104FD800BD20D20611D45A6B42F080425A63D0F8F1
:104FE800BC3019075CBF43F00803C0F8BC308389A4
:104FF80043F002038381802070475A6B22F080427D
:105008005A63D0F8BC301A0744BF23F00803C0F82D
:10501800BC30F0E700EF00E0094A0346906870B141
:1050280013F1160F006E05D0A0F180029A4205D840
:10503800834203D2814228BF002070470020704776
:1050480094180020104B9B6883421AD1EFF3058017
:10505800B8B9EFF31181102282F31288BFF36F8F72
:105068009A8922F002029A81EFF3148323F0040351
:1050780083F31488BFF36F8F81F31188BFF36F8FA9
:1050880070476FF0150070479418002008B5154652
:105098000E460022E1EE102AEFF3148222F00402F9
:1050A80082F31488BFF36F8FBFF36F8F0B4A0C4BDB
:1050B8009060026F1A6000F04BF82C4686F309885E
:1050C8000020044B98472046002100220023024C70
:1050D80020470000C9C30008892700089418002049
:1050E80044100020014B10221A61704700ED00E0C7
:1050F800044800231021C2180133562B82F80013EC
:10510800F9D1704700E100E008B5EFF30583064ADE
:10511800103B02EBC30152F8330049688847BDE8E9
:105128000840FFF7E9BB00BF10E500080148006828
:105138007047000044100020024B034A0348012135
:1051480000F090B80000022000000020A8EC000841
:1051580010B50446FFF736FF226E03460548D21AFB
:10516800C0E90023044B8360BDE81040012100F032
:1051780083B800BF4810002000000B1508B503468F
:105188001048D0F89020C2F30722013A934207D979
:105198000D480E4A012106F0B0FE6FF0150008BD5B
:1051A800C0F898300A6822F01F021A4342F0100231
:1051B800C0F89C208A6842F00102C0F8A020184676
:1051C800EDE700BF00ED00E0F8E800085A0201082A
:1051D800F0B50E4685B01F4604460025B5420DDAE7
:1051E800606810B397B1431E18420AD0104A11489C
:1051F8002B46012106F081FE6FF01502104605B01E
:10520800F0BD7F28F2D921680B42EFD123680193C2
:1052180007F0EAF8A36801A90343D0B20393FFF7A4
:10522800ADFF10F1160FE7D0421C01350C34D5E75D
:1052380080020108F8E80008044B0522C3F894200E
:10524800BFF34F8FBFF36F8F704700BF00ED00E0D3
:10525800BFF35F8F024B0022C3F89420704700BF52
:1052680000ED00E010B5034C01232278FFF7B0FFF2
:10527800207010BDE418002008B50B4A00231278EE
:10528800FFF7A6FF10F1160F07D0084A0021D2F841
:105298009030C3F30723984200DB08BDC2F898009A
:1052A800C2F8A0100130F2E7E418002000ED00E099
:1052B8002DE9F0435E485F49D0F890300D68C3F39C
:1052C80007239D4285B000F2B080FFF7C1FF49680F
:1052D8000022954201F10C011BD1574C574F257004
:1052E8006846FDF7E5FFDFF85881DFF85891064674
:1052F8000025AE4220D123784D490020D1F89020D6
:10530800C2F307229342C0F28A80FFF795FF00207C
:105318004FE0C0F8982051F80C3C23F01F031343CA
:1053280043F01003C0F89C3051F8043C43F00103EB
:10533800C0F8A0300132CCE7009800EB05114FEA25
:10534800051CCB683B40B3F5000F49D00AD8B3F52C
:10535800001F31D0B3F5800F37D0B3F5801F13D0BD
:105368000135C6E7B3F1007F43D0B3F1805F49D080
:10537800B3F1807FF4D150F80C3088684A6807F0A0
:1053880033F840F0887009E050F80C3088684A68B3
:1053980007F02AF840F0885040F43020039001A923
:1053A8002078CDE90123FFF7E9FE002833DA6FF012
:1053B800150005B0BDE8F08350F80C3088684A68DD
:1053C80007F012F840EA0900E8E750F80C3088685E
:1053D8004A6807F009F840F0C06040F40030DDE7A3
:1053E80050F80C3088684A6806F0FEFF40F082707A
:1053F800D4E750F80C3088684A6806F0F5FF40F4A6
:105408008020CBE750F80C3088684A6806F0ECFF3B
:1054180040EA0800C2E7237801332370A0E7C1F807
:105428009830C1F8A000013368E74FF0FF30C0E7BB
:1054380000ED00E0B4EC0008E41800200000F0FFE4
:105448000000021100000811F0B587B007460E46AB
:1054580014460021102268461D4608F02FFE02233C
:105468008DF802302A46054B019321466846CDE95E
:10547800047604F063F907B0F0BD00BF11C400085A
:1054880008B5024B1B689847002008BD541000203F
:10549800034B044A1860937843F0020393707047F3
:1054A800541000200401002008B50649064821F0E0
:1054B8000701C1F1005202F5003206F0BCF80020E5
:1054C80008BD00BF873C00205810002013B50F4CC2
:1054D800204608F0C5FA40B90D480E4A012106F0E9
:1054E80003FD6FF0120002B010BD0B4A92E80300F2
:1054F8006B4683E80300A26812681AB11946204671
:105508009047F0E76FF05700EDE700BF34E300087D
:10551800D8E80008B502010868E9000800F01F0291
:1055280001211F2808B501FA02F2034605D90648E9
:10553800064A06F0E2FC002008BD054B5B699A4369
:105548000CBF01200020F7E7D8E80008D4020108C2
:10555800003C014000F01F0201211F2808B501FA94
:1055680002F2034606D90548054A06F0C6FC6FF064
:10557800150008BD034B00205A61FAE7D8E8000877
:10558800D4020108003C0140044B184400230133B5
:10559800994200F8012BFADC704700BFB4010020E3
:1055A8002DE9F041104F054600264FF001086B78B1
:1055B800F4B2A34201D8BDE8F0812B781C44204600
:1055C800FFF7ACFF68B12046FFF7C4FF57F8343047
:1055D8003BB107EBC40204F01F04516808FA04F059
:1055E80098470136E3E700BF64100020034660B126
:1055F800B0FA80F2C2F11F02D2B205498856054AB4
:1056080011680B431360FFF74FBCFF22F5E700BF9B
:10561800B4010020003C0140024A136823EA000359
:1056280013607047003C0140032921D8DFE801F0EE
:10563800020C10190F4B9A6822EA00029A60DA6885
:1056480022EA0002DA6070470A4B9A680243F5E7DB
:10565800084BDA680243DA609A6822EA00029A6024
:105668007047044B9A6802439A60DA681043D8601E
:10567800704700BF003C014030B5B0B1B0FA80F3CC
:10568800C3F11F03DBB20B4850F833408C4204D1FE
:1056980000EBC3056D68954205D044B940F8331056
:1056A80000EBC3004260002030BDFF23EBE76FF042
:1056B8000F00F9E76410002060B1B0FA80F3C3F17D
:1056C8001F03DBB2044A002142F8331002EBC30285
:1056D80051607047FF23F5E76410002000F00302D3
:1056E800043292000F23934043EA9000C3B202337E
:1056F800054A52F82320030C02EA104093FAA3F358
:10570800B3FA83F3D84070470038014020F0800294
:10571800032A0BDC064B10F0800F03F190010CBF3D
:1057280018460846242303FB0200704700207047F0
:10573800CC150020014801F069BE00BFE41000202C
:1057480008B502460349044806F0D2FE6FF015007A
:1057580008BD00BF2203010838E9000808B5024661
:105768000349044806F0C4FE6FF0150008BD00BFE9
:105778003B03010838E9000873B5544C204608F08B
:105788006FF940B95249534806F0B7FE6FF012045A
:10579800204602B070BDA568AB6933B94E494D4883
:1057A80006F0ABFE6FF00404F2E74C4900222046F5
:1057B80098470028F2D12B680BB94949EFE74949C6
:1057C800204698470028F8D1EB680BB94649E6E728
:1057D800424901AA2046984706460028F6D1019A70
:1057E800424B9A4206D042493A4806F081FE6FF091
:1057F8008504CDE73F4D4FF0A0432B6004232B7168
:105808004FF44073A873EB8001464FF410733A4885
:105818002B8101AA07F0D3F8041E07DB019B32464F
:105828001979186800F0F0FC041E05DA3349294894
:10583800224606F05DFEABE72E4807F05CFC024608
:1058480020B12F49234806F053FEABE7294807F05B
:10585800E1FC024608B12B49F4E7264807F0BAFCF8
:10586800044610B128490246ECE74023A5F8E8347D
:1058780085F8EC04A5F8783585F87C05234D1D4896
:10588800A02107F042FE10222146A5F28C5007F015
:105898001DFEA5F28C56012228461146013408F057
:1058A80005F9042C05F1240505D03022E1B2304673
:1058B80007F00CFEEFE7002211464320FFF716FB26
:1058C8004320FFF7F1FA002462E700BF34E3000841
:1058D8004D03010838E900086C030108FCEC0008D6
:1058E8008E030108F4EC0008A9030108006CDC022F
:1058F800CD030108E4100020D4EC0008E9030108F6
:10590800070401081B0401082F0401087016002071
:10591800014BC3F8E4047047E410002013B50446B3
:105928000146074807F09CFC40B1064A0090234610
:105938000548012106F0EBFA6FF0040002B010BD33
:10594800E41000204404010838E900081346020660
:1059580013B504460BD5802800D15BB11048114916
:10596800224606F0C5FD6FF0150002B010BD402BB1
:1059780028BF402324F080020B48920102F5C1623F
:105988000244214607F0E6FC0028EED0074A0090C2
:1059980023460348012106F0BAFA6FF00400E4E751
:1059A80038E900083B030108E41000206A040108F4
:1059B800030610B50C4600D419B9BDE81040FFF72E
:1059C800CDBE0146024807F0E3FC2060002010BD70
:1059D800E410002008B50279037842B95A0606D0C7
:1059E8000549064806F089FD4FF0FF3008BD13F061
:1059F8007C00FBD00249F4E79004010838E900086C
:105A0800AF04010837B50546FFF780FE044690B19C
:105A18000A48294607F0DEFC50B1094A00902B4697
:105A28000848012106F073FA6FF0040003B030BD96
:105A380001236371FAE76FF01500F7E7E41000201F
:105A4800D304010838E9000837B50546FFF75EFEBC
:105A58000446A8B143798BB10B48294607F0F1FCFD
:105A680050B10A4A00902B460948012106F04FFA26
:105A78006FF0040003B030BD6071E0600020F9E70A
:105A88006FF01500F6E700BFE4100020FA040108E3
:105A980038E9000873B50446FFF738FE054600B339
:105AA800114E037902882146304607F0ECFB50B1CD
:105AB8000E4A009023460E48012106F028FA6FF09E
:105AC800040002B070BD63B2002BFADD06EB84114E
:105AD8002A8801F5C161204602B0BDE87040FFF791
:105AE80035BF6FF01500ECE7E41000202105010830
:105AF80038E9000813B50446FFF708FED0B10F488F
:105B080083681B6913B9002002B010BD0C4998477F
:105B18000228F8D10B48214607F0EEFB0028F2D006
:105B2800094A009023460948012106F0F0F96FF070
:105B38000400E9E76FF01500E6E700BF34E300086A
:105B4800F4EC0008E41000204405010838E90008D6
:105B58002DE9F7430446894616469846FFF7D6FDD1
:105B680008B123060AD42A492A48224606F0C0FC6E
:105B78006FF01505284603B0BDE8F08300F114075F
:105B880000220023384602F043FD054638B102469C
:105B98002149204806F0ACFC6FF00A05EAE707F057
:105BA800F9FF10B94320FFF78DF9802C02D1402E60
:105BB80028BF40264A4619483346214607F0F0FBDD
:105BC800024690B1164A009023461248012106F079
:105BD8009EF9384602F0E8FC07F0DCFF10B94320D4
:105BE800FFF762F96FF00405C4E7802C04D11EB1F9
:105BF80001462046FFF7AAFE07F0CCFF10B9432064
:105C0800FFF752F9B8F1000FB4D0C8F80060B1E757
:105C18003B03010838E9000868050108E410002082
:105C2800860501082DE9F8430646884691461F4631
:105C3800FFF76CFD044640B919493246194806F089
:105C480057FC6FF01500BDE8F8833306C56802D528
:105C580015493246F2E7B8F1000F17D00369134926
:105C68004FF4C1624D4502EB861628BF4D461E44CF
:105C78002A463144404608F013FAE3685B1BE360A8
:105C880023692B4423614FB90020DCE7B9F1000FE9
:105C9800F9D00749034806F030FCF4E73D60F3E724
:105CA800AD05010838E90008C1050108E410002025
:105CB800E205010810B50446FFF728FD08B12306E0
:105CC80004D52046BDE81040FFF73ABDC3684BB97C
:105CD800054902884FF4C16303EB84131944204635
:105CE800FFF734FE002010BDE410002010B5134C5F
:105CF800002340228021204607F0C5FA00234022D5
:105D08001946204607F0BFFA04F28C5002F04CFC0A
:105D180004F5B66002F048FC04F2D45002F044FCEA
:105D280004F5BF6002F040FCD4F8E43423B1BDE8C8
:105D3800104000210120184710BD00BFE4100020CA
:105D4800034BD3F8E43413B10021022018477047FD
:105D5800E4100020034BD3F8E43413B100210420ED
:105D680018477047E4100020034BD3F8E43413B10C
:105D78000021052018477047E4100020034BD3F892
:105D8800E43413B10021062018477047E4100020BE
:105D980070B5114C0823D4F8A014D4F89C04C4F8A6
:105DA800F434D4F8F034002504F5C16686E803001D
:105DB800C4F8F8547BB1294628469847B4F8A22479
:105DC8004AB194F99C34AB4205DB31462846BDE81C
:105DD8007040FFF7BBBD70BDE410002038B50888DF
:105DE8003B4BC0F30B0016281B680D4614463ED8E3
:105DF80010B96FF0850039E001381528F9D801A2EB
:105E080052F820F0695E0008C55E0008655E00086B
:105E1800C55E0008C15E00089F5E0008AF5E00080E
:105E2800FB5D0008FB5D0008FB5D0008FB5D0008EA
:105E3800FB5D0008FB5D0008FB5D0008FB5D0008DA
:105E4800FB5D0008FB5D0008FB5D0008FB5D0008CA
:105E5800FB5D0008695E0008695E00084FF4FA43BC
:105E680023602968B1F5805F2AD2002038BD442814
:105E78000ED82F28BDD900F57D61C1F30B01012291
:105E88008A4014490A42EBD14028B2D15B08E7E7BF
:105E9800A828E5D0ADE700F0CFF8C0221923B0FB61
:105EA800F3F35343F2E700F0C7F8C0221923B0FB1D
:105EB800F3F353439B08D3E7074BD1E70023CFE71E
:105EC800C1F313310131B3FBF1F32360CDE700BF18
:105ED800A40100201101100040787D01162808D87F
:105EE800054BC34013F0010F14BF00206FF085006D
:105EF80070476FF085007047EA00600070B5494C44
:105F0800494D00F0B9F8204606F0F1FB01F04AFAD5
:105F1800AB68464AC3F30313D35C20FA03F613783D
:105F28001C41A64202D2204602F056F82B6823F400
:105F380080232B602B6843F480332B603A4B1A681C
:105F48009103FCD55A6F42F001025A675A6F9207C3
:105F5800FCD59A6802F00C02082A17D11A6895072E
:105F680007D41A6842F001021A602F4A136898078A
:105F7800FCD52D4B9A6822F003029A609A6812F0B9
:105F88000C0FFBD19A6822F0F0029A60264D2B681C
:105F980023F080732B602B689901FCD4244AD2F833
:105FA800043823F44033C2F80438D2F8043823F014
:105FB800706343F08063C2F8043800F041F82B683E
:105FC80043F080732B60184B1A689201FCD59A68CD
:105FD80022F0F0029A609A6822F0030242F002026C
:105FE8009A609A6802F00C02082AFAD1A64202D3F3
:105FF800204601F0F1FF0F4B0A4A1A600A4B9A68D3
:1060080022F4E05242F480529A609A6822F4604284
:106018009A60D3F88C2022F08072C3F88C2000207C
:1060280070BD00BF00D8B80500380240BB090108A0
:1060380000300240A40100200048704740787D01EC
:10604800084B09495A681140084A0A435A605A6875
:10605800074922F440325A605A681140054A0A43F7
:106068005A607047003802400080BFFF1930400076
:106078000080BFF019304004064B1A6C42F0805281
:106088001A641B6C82B003F080530193019B02B029
:10609800704700BF0038024008B5074807F0E0FC29
:1060A80038B10648FFF7F4F90448FCF763FB002011
:1060B80008BD6FF01200FBE768E40008C96000083B
:1060C8000A2838B5074D044604D1AB680D215B6832
:1060D80028469847AB6803485B68E1B29847204672
:1060E80038BD00BF68E400082DE9F843D0F8048003
:1060F800D0F81090D8F8080017460D461E4606F04E
:10610800D7F9B7F5001F044616D12846D8F8084035
:10611800FFF7E4FA84420CD1294606F0C9F904468F
:10612800FFF77AFA2046FFF7C7FA00212046FFF763
:106138007BFA0020BDE8F883B7F5800F20D0B6F1D0
:10614800806F19D0B6F1C06F18D0B6F1007F1AD1A0
:10615800022610494A462046FFF78EFAB0B9D8F809
:106168000810284606F0A9F920463146FFF75CFAE0
:106178002046FFF73BFADCE70126EAE70326E8E7D3
:106188006FF08500D6E76FF01500D3E76FF00F00CA
:10619800D0E700BF6BC9000838B5036904465860EA
:1061A8000A4D284607F05CFC60B1AB6861681B6863
:1061B8000C3123B12846984700EAE07038BD6FF0EB
:1061C8005700F9E76FF01200F8E700BF34E3000862
:1061D8001FB50C4BD3F8182A12BA0192D3F8142A17
:1061E80012BA02920C29D3F8103A28BF0C211BBA14
:1061F8000C460A4601A9039307F052FF204604B053
:1062080010BD00BF0070FF1F2DE9F0471E4F044668
:1062180000EBC1060025B44201D1002014E020683B
:10622800C30600F01F0911D4656845F02005C0F3C6
:10623800481AC0F34420192823D857F82080B8F109
:10624800000F0DD16FF01200BDE8F087B9F1100F03
:1062580004D0B9F1110FEAD16568E8E73025E6E71F
:10626800404607F0FDFB0028ECD04B462A460AF0D2
:106278000F01404606F08BFB002804F10804CADA37
:10628800E2E76FF01500DFE7A4ED00082DE9F04123
:106298008C460CF1FF3E19464368BDF818701D681E
:1062A800BEF1030F09D9884A63468848012105F0E1
:1062B80024FE6FF01500BDE8F081B5F1804F0ED0D7
:1062C800834885420BD0B2F5803F08D97F481346F2
:1062D8000121804A05F011FE6FF08500EBE77E484A
:1062E800BCF1040F50F82E6007F4807008D170B923
:1062F80034467AB92B6A23EA04032B620020DAE7D2
:106308000028F5D0754850F82E40002CF1D1744A79
:106318006346CAE79B68002B40F0868002F1FF388D
:1063280007F00100402C4FEA400000F0948000F292
:106338008A80042C00F09180102C00F09080012CB1
:1063480008BF002318BF0623664F2A6A17F803C040
:10635800022707FA0CF300FA0CF022EA03030343BE
:106368002B62614B284653F82E309847C5F82C808D
:106378002B6A34EA0303C1D0402E7CD073D8042E94
:106388007BD0102E7BD0012E08BF002318BF062318
:10639800564F574817F803C010F803E005F11801E5
:1063A800732351F80C2003FA0EF322EA0303602248
:1063B80002FA0EF21343402C41F80C306BD062D82D
:1063C800042C6AD0102C6AD0012C08BF002318BFF7
:1063D8000623DFF820C16A681CF803C04FF48073F5
:1063E80003FA0CF322EA03036B602B6A1C432C624A
:1063F8002B68402E43F080032B605CD053D8042ECA
:106408005BD0102E5BD0012E08BF002318BF0623D7
:10641800FA5CC05C8C580823834023438B506B691B
:1064280043F001036B6169E7102B01D1013975E76E
:1064380023F04000202802D0402B7FF44DAF4908BC
:106448004FEA52086CE7B4F5807F0AD0B4F5806F44
:1064580008BF052376E7032376E7012374E70223C1
:1064680072E7042370E7B6F5807F0AD0B6F5806F2F
:1064780008BF05238AE703238AE7012388E73B4609
:1064880086E7042384E7B4F5807F0AD0B4F5806FEB
:1064980008BF05239BE703239BE7012399E7022312
:1064A80097E7042395E7B6F5807F0AD0B6F5806FA5
:1064B80008BF0523AAE70323AAE70123A8E70223C5
:1064C800A6E70423A4E700BF7C06010808E9000842
:1064D800000C0040910601081CEF000810EF0008AE
:1064E800D5060108DE07010800EF0008EC070108DF
:1064F800E5070108D70701082DE9F04F83B0466882
:10650800D0F810A0346800AF8146DFF8E08140463B
:1065180007F0A6FA58B9684A6848012105F0E4FC72
:106528006FF0120528460C37BD46BDE8F08FD8F845
:1065380008B03169DBF8003053B140469847051E72
:1065480009DA5F4A2B465D48012105F0D6FCE9E7E8
:106558006FF05705F5E77369012B25D93169DBF829
:10656800183008313BB1002240469847054628B10B
:10657800544A2B46E7E76FF05705F9E73169DBF82E
:106588000C3008316BB140463A469847B0F10008E4
:1065980012DA4D4A43464948012105F0AEFC45460A
:1065A800C0E76FF05708F4E7484A4448012105F06E
:1065B8009BFC6FF01505B5E73B68CAF80030DAE9CF
:1065C80001018368DB6803B19847B0693A1D00216F
:1065D80006F0F5F9B0F1000808DB7B6800221979AC
:1065E8001868FFF711FEB0F1000802DA384A43468E
:1065F800D1E77368A362374B00229C42E26233D032
:10660800B4F1804F0BD0A3F57C439C4207D003F52F
:1066180080639C4203D003F580639C423ED123688B
:10662800B26823F0700313432360236823F4407394
:106638002360F3686BB36C468AB0D9F800106A46D9
:106648002548D161C2E9050340F201331384234B85
:1066580042F8103F194800234FF41151FCF768FB2A
:106668006FF08505A5465DE72368B16823F07003E0
:106678000B432360236823F4407323602263636C15
:10668800F26823F0FF0313436364636C43F400432D
:106698006364236843F00103236043E7104B9C4283
:1066A800C3D0104B9C42C0D00F4B9C4202BF1A680B
:1066B80022F440721A60BCE74D03010808E900089B
:1066C800FC0601081C0701083B0701085B070108D5
:1066D8007F070108000001409D0701080400000130
:1066E80000400140004401400048014034E30008F4
:1066F80043681B6803F1140252E8002F42F00102BC
:1067080003F1140040E800210029F3D10D4A934217
:1067180007D0A2F54C42934203D002F5504293426F
:1067280003D11A6942F040021A6103F10C0252E8DF
:10673800002F42F4807203F10C0040E80021002988
:10674800F3D170470010014043681B6803F114023D
:1067580052E8002F22F0010203F1140040E8002162
:106768000029F3D10D4A934207D0A2F54C42934237
:1067780003D002F55042934203D11A6922F0400235
:106788001A6103F10C0252E8002F22F4807203F11F
:106798000C0040E800210029F3D1704700100140A7
:1067A8002DE9F04182B0436800AF1D6806460C46EB
:1067B800002944D0586819698368DB6873B13A1DA9
:1067C8009847B0F100080CDA214A2248012105F067
:1067D8008BFB40460837BD46BDE8F0816FF057088F
:1067E800F2E7EB68796823F400431920EB60A20014
:1067F800A30FA1FB0001FAF7E9F86422B0FBF2F15C
:1068080002FB11031B013233B3FBF2F303EB011359
:106818000F2B17D86D468AB033686A460E49D46183
:10682800C2E905134FF4007313840C4B42F8103F70
:10683800084800234FF41151FCF77AFAAD466FF07F
:106848001508C6E79BB2AB604FF00008C1E700BF70
:106858000408010830E900083208010804000001B2
:10686800F8B50C46036941681D682379012B35D0BA
:106878009A1E56425641B6026279022A9CBF374F89
:1068880037F812C0A27988BF4FF4005C042A28D0D8
:10689800003B18BF01231B03E279012A0A680CBFD9
:1068A8004FF440770027A542D1681DD121F4B0519B
:1068B80031430B43D360136923F4405343EA0C0379
:1068C800136143681A68536923F440733B43536167
:1068D8002968FFF765FF00EAE070F8BD4FF4C0666D
:1068E800CAE74FF48053D7E701F4C0618E421FBF57
:1068F800D16821F4C0613143D160426811680A69E6
:1069080002F4405294451FBF0A6922F4405242EAF9
:106918000C020A6142681168CA6802F48052934204
:106928001FBFCA6822F480521343CB6043681A68B9
:10693800536903F440739F421FBF536923F44073A4
:106948003B43536121682B68994205D0FFF728FF24
:106958000028C2DB23682B600020BEE7B8F40008DB
:106968002DE9F34146680546706807F079F850B993
:10697800354A3648012105F0B7FA6FF0120420466F
:1069880002B0BDE8F0817068316983681B683BB963
:106998002F4A2E48012105F0A7FA6FF05704EEE7B9
:1069A80098470446E8B9706A01AA002106F007F87A
:1069B800041EE4DB019B002219791868FFF724FC08
:1069C800041EDCDB6F682B693C68D3F80080E36841
:1069D80023F40053E360B86807F042F848B91D4A49
:1069E800C7E71B4A1948012105F07EFA002CC6DBCF
:1069F800D9E7D7E902018368DB6803B1984704F156
:106A08000C0353E8003F43F00C0304F10C0141E888
:106A18000032002AF3D141462846FFF721FF00281B
:106A28000EDB3B7E1BB1636943F008036361E368D7
:106A380043F40053E360B36A2846984700249EE76E
:106A48006FF015049BE700BF4D03010830E900080B
:106A58004908010869080108F8B543681D68036911
:106A68001F680B790C46012B4979A67935D1022983
:106A78004AD9042E45D04FF4C0624FF480534FF0EA
:106A8800030C8C453DD1002B77D0002A14BF03227C
:106A98000422B24235D1E37963B1012B31D1394BAC
:106AA8009D4207D0A3F54C439D4203D003F55043C4
:106AB8009D4226D1EB6823F40053EB602146FFF793
:106AC800CFFE00281DDBEB6843F40053EB6094E82D
:106AD800030087E80300002015E0022B06D10229F5
:106AE8001FD9042E0DD04FF48062C6E702290A464A
:106AF8001FD9042E02D123B90022BEE713BB0329F4
:106B0800C7D06FF08500F8BD1F4A042E32F811C0B7
:106B1800F7D04FF4C062033B012BF2D94FF48053F6
:106B280019E0194A042E32F811C0EAD04FF48062F5
:106B3800F1E7154A042E32F811C009D1002BE0D133
:106B48001A46EBE7033B012BDBD9D5E70022E2E746
:106B5800002BFBD11A46BCF5805F08D0BCF5405F1E
:106B680008D0BCF1000F8AD14FF0010C89E74FF033
:106B7800000C86E74FF0020C83E7002A14BF0222BC
:106B8800032286E700100140B8F4000808B5044A5B
:106B98000448012105F0A8F96FF0120008BD00BFF4
:106BA8004D03010810E90008B0B582B004468068BA
:106BB80010F4B87000AF1FD06D468AB06A46104B0B
:106BC8005361104BC2E906304FF4007313840E4B27
:106BD80042F8103F00230D484FF41151FCF7A8F874
:106BE800A3685B06AD4605D5E3687B607B68A36850
:106BF8007B607B686FF004000837BD46B0BD00BFFE
:106C08009F080108920901080400000110E9000822
:106C18002DE9F047044600AF056946683E4806F08E
:106C28001FFF20B9FFF7B2FFBD46BDE8F087B36884
:106C380020469847284606F05CF96068012106F06E
:106C48002FF9002802DA10F1860FEDD16568266960
:106C58000021284606F024F9041E0CDB2E48296979
:106C680083681B6853B19847044650B12B4A2C4897
:106C7800012105F039F904EAE470D5E76FF057040B
:106C8800F4E7B5684FF00108D6E9023203EBC20316
:106C98009D42F0D2286806F0E3FE0346C0B92A6890
:106CA800297910686C468AB06A461E4DD1614FF446
:106CB800007111841C49C2E9055042F8101F184898
:106CC8004FF41151FCF734F8A5466FF01204D2E7DF
:106CD80028682979EB88D0F810E0D0F808A0DEF809
:106CE80000C0DA0754BF43F4B01383F4D01323F47D
:106CF800801208FA01F9DB074CBF4CEA09032CEAB9
:106D08000903CEF80030DAF800309847002801DB94
:106D18000835B9E70446AEE734E30008AA080108D5
:106D280010E90008C5080108040000012DE9F04F2A
:106D380085B0056900AF82460E469846914612B95D
:106D4800002B00F0E681B3889A042BD44FF0FF3271
:106D58004FF0FF3305F1100001F05AFC6E60DAF8CD
:106D680010307B601B68DAF804B0B288DBF80040AA
:106D78009E4240F0A580130540F16F81236823F4FB
:106D88004443B9F1000F14D043F440432360B08862
:106D980006F000F80646D9F800306B6393B1D9F8CD
:106DA80004300FE0AB69002BD0D16B689E42CDD187
:106DB800D5E743F400432360B08805F0EBFF0646AF
:106DC80000236B63AB6305F14802334605F13801D4
:106DD80005F1340005F0C0FF6864B8F1000F40F019
:106DE8005681C5F83C8000232B6405F150023346D8
:106DF80005F1400105F13C0005F0AEFF0023E86411
:106E08002B63DAF804302668D3F80090D9F80030FC
:106E180043F04003C9F80030DAF810A0DAF80000AF
:106E280006F4444650B1037D43B10121083006F011
:106E38004CF8DAF80030186906F0ECFDD9F804309F
:106E480043F02003C9F80430B8F1000F05D0D9F891
:106E5800043043F04003C9F80430D9F8043043F053
:106E68008003C9F804304FF4FA584FF00A0905F1C5
:106E7800200A0023A86B1946814240F011810021A5
:106E8800D5F840C00846604540F011818B4238BFB4
:106E98000B4608FB03F22B681B68B2FBF3F2C832FF
:106EA800A2FB0923504601F0B3FB002800F006813D
:106EB800994A9A48012105F017F86FF073020EE01D
:106EC800DBF814100229C2F345131AD003291BD08A
:106ED80001294CD1043B1C2B1AD96FF085022B6871
:106EE80013B19B889B0407D400237A606B6005F17B
:106EF800100001F059FB7A6810461437BD46BDE80A
:106F0800F08F043B0C2BE7E7082B01D0102BE4D1C2
:106F18006368100482484CBF43F0100323F0100349
:106F280063608368DBF81010DB6833B307F10C0289
:106F38009847002821DBFB6800223068114601329F
:106F480023FA02FC844520D82368764A23F04003BC
:106F58002360236852F8212023F038031343236069
:106F6800B38899072AD4236823F0020329E06E4ADC
:106F78006A48012104F0B8FFAFE76C4A674801216D
:106F880004F0B2FF6FF00402A9E7082AD5D16C46D5
:106F98008AB06A466649C2E9051059081B0A136295
:106FA8000523D16142F8103F5C4800234FF421517A
:106FB800FBF7BEFE6FF01502A54690E7236843F085
:106FC80002032360B38813F0040F236814BF43F04F
:106FD800010323F001032360B38813F4006F2368CF
:106FE80023F4444304D0B9F1000F3FD043F44043A5
:106FF8002360B38813F0100F236814BF43F0800395
:1070080023F080032360236823F400532360337D37
:107018001BB99BF818305A072BD5236843F4007323
:107028002360636823F004036360B388414A13F064
:10703800010F236814BF23F4827343F4827323601F
:10704800B08805F0A7FE0138236852F8202023F401
:107058000063134323607B681E60B08805F09AFEC6
:107068000646B9F1000F7FF496AEA9E643F4004353
:10707800BEE7B38813F0010F236823F40073CFD160
:1070880043F480232360636843F00403CCE7D8F813
:107098000030EB63002B3FF4A6AED8F80430A3E62B
:1070A8006A6B02EBC102013152681344E4E6EA6BF1
:1070B80002EBC002013052681144E4E62A6B002A50
:1070C8007FF40DAFB6F5404F1AD1AB6CABB92B6D51
:1070D8009BB1DBF80030196821F4444141F40041C8
:1070E8001960196841F040011960596841F02001A0
:1070F8005960596841F040015960266806F44446D1
:10710800AB6C002B7FF4B5AE2B6D002B7FF4B1AECA
:10711800E5E61A46F0E600BF3D09010810E9000857
:1071280034E3000884EF0008E908010811090108A0
:1071380063090108F8EF000810B54FF0E0230F4984
:107148009C691A6908689B690D4902F4803234B950
:1071580093B903464AB90A681044C01A10BD002BF7
:1071680008BF03460AB9A342F5D90A6802440A606F
:107178004FF0E0221269EEE70446F3E7901800208A
:107188008C180020094B102283F82320084B4FF459
:1071980016521A60074B002018604FF0E02342F2A5
:1071A8007F525A61072298611A61704700ED00E02A
:1071B800901800208C180020684620F007018D46A2
:1071C80019B5FFF7B9FF114B1149D3E90042086817
:1071D800001942F10002C3E900020E4A00230B60C5
:1071E800D2E900414FF41653001BB0FBF3F04343C0
:1071F8001B1941F10001C2E9003102F08FF8FDF7D7
:107208007BFBBDE819408546704700BF1809002080
:107218008C180020100900202DE9F041DFF8EC80DF
:1072280099B1421C0BD14FF0E022136923F00103FE
:1072380013614FF07F43C8F80030BDE8F081D8F8FB
:107248000060012807DC00270BE0431CD8F8006029
:10725800F7D140F2D26040F2D3639842A8BF1846F3
:10726800471EEFF31185102383F31288BFF36F8F46
:10727800FFF762FF214C4FF0E0239969D4E900231E
:10728800801843F10003C4E900031D4B00221A6073
:107298001C4B1A68831A2ED44FF4165C0CFB073368
:1072A80003F515533F33B3FBFCF7131A0CFB0733F5
:1072B800B3F5806F144A38BF4FF48063934228BFF8
:1072C80013464FF0E022C8F80030013B9069536143
:1072D800002393618142A1EB0003D4E9001238BF77
:1072E8009B195B1842F10002C4E9003285F311884A
:1072F800BFF36F8FA1E74FF48063E2E7180900201E
:107308008C1800201009002000C3FF0090180020EE
:1073180038B5EFF31185102383F31288BFF36F8F0D
:10732800084B1C68084B1B68E41AFFF705FF85F338
:107338001188BFF36F8F4FF416532044B0FBF3F05E
:1073480038BD00BF180900201009002038B5EFF338
:107358001185102383F31288BFF36F8F044B1C68C9
:10736800FFF7EAFE85F31188BFF36F8F204438BD1D
:107378001809002010B5EFF31184102383F3128845
:10738800BFF36F8FFFF7D8FE054AD2E90031C01866
:1073980041F1000184F31188BFF36F8F10BD00BF66
:1073A8001809002008B513498B6803F00C03042B57
:1073B8001CD0082B1CD14A684B68496813F4800319
:1073C80014BF0D480D48C1F3881118BF002302F0FF
:1073D8003F02A1FB0001F9F7F9FA064B5B68C3F31A
:1073E800014301335B00B0FBF3F008BD0248FCE742
:1073F8000248FAE70038024040787D010024F40092
:10740800014B1868704700BFA40100202DE9F04F18
:10741800066889B00446304606F0E8FA039000286A
:1074280040F05381206806F0B3FA002800F04D813F
:10743800D6F808382068C3F30D23C4F8D43406F00E
:10744800A7FA870741BF2268536903F00203536113
:10745800206806F09DFAC00606F500652CD522685E
:10746800936923F010039361D6F82080C8F343434F
:10747800022B08F00F0740F02B8147F6F07318EA4B
:10748800030F14D0242303FB0747C8F30A19D7F8BE
:1074980060124A46304606F0DBF9D7F860324B44B2
:1074A800C7F86032D7F868324B44C7F868322268A8
:1074B800936943F010039361206806F069FA0103A9
:1074C80000F11881206806F063FA42030DD52068A0
:1074D80006F06AFA2746049006F5106B4FF0000A8A
:1074E800049B2068002B40F0CF81206806F050FAFA
:1074F800002813DA6B6823F001036B6094F8CC342E
:10750800012B40F06782002184F8CC14204606F055
:1075180000F82268536903F000435361206806F0BD
:1075280037FA07050AD5AB68D80702D52046FEF713
:107538001BFC2268536903F400635361206806F05A
:1075480027FAC10433D56B6823F001036B6010215F
:10755800206806F087F806F510634FF67F31227928
:107568000398824200F23A82EB6943F00113EB611F
:10757800E37B002B00F04E82D5F8843043F00B03F8
:10758800C5F884306B6C43F00B036B64D6F8003895
:1075980023F4FE63C6F8003804F29C42A1792068FF
:1075A80000F0F4FC2268536903F4805353612068A7
:1075B80006F0EEF9820416D5206806F01BFA20685A
:1075C80006F09BF8E0712768FFF71AFFE279014699
:1075D800384600F05FFA2046FEF788FB22685369B8
:1075E80003F400535361206806F0D2F9030707D566
:1075F800204605F033FE2268536903F008035361FF
:10760800206806F0C5F9070600F10F82206806F029
:10761800BFF9C0020CD5A04606F5126901272379E7
:10762800BB4200F21B822268536903F48013536142
:10763800206806F0ADF981022AD5234606F53261A5
:107648004FF0010C207960451DD993F87C720868C9
:10765800012F40F01982002880F21682D4F8D42431
:1076680082EA1040C20700F10F8283F87B72B0698A
:1076780040F08000B0617069000600F105826B6817
:1076880043F400736B602268536903F40013536179
:10769800206806F07DF9410007D52046FEF750FB2B
:1076A8002268536903F080435361206806F070F93B
:1076B80042070AD523685D686B0702D52046FEF7A6
:1076C80049FB226853682B43536009B0BDE8F08F2B
:1076D800062B7FF4ECAE082204F29C41304606F0FB
:1076E800B7F8242303FB0747C8F30A18D7F868320A
:1076F8004344DAE6206806F04FF906F5306804904E
:10770800A2460027049B2068002B3FF4DBAE049BB5
:10771800DB0765D55FFA87FB594606F04DF910F08F
:10772800010F81461ED00123C8F80830206894F85C
:1077380006C0016C00F5306303EB4713BCF1010F81
:107748009A687BD112F0080F07D0B048814209D956
:10775800120407D54FF4004203E012F0200F48D07E
:1077680020229A6019F0080F0FD00823C8F80830B3
:107778002368A649186C03F5306303EB4713884266
:107788009A6870D82046FEF703FB19F0100F1CBF4B
:107798001023C8F8083019F0020F14D073691A06BC
:1077A80042BF6B6843F480636B609AF85732012BD1
:1077B80006D100238AF857325946204605F04FFD76
:1077C8000223C8F8083019F0200F1CBF2023C8F87E
:1077D800083019F4005F1CBF4FF40053C8F8083094
:1077E800049B5B080137049308F120080AF1240A76
:1077F80088E712F0280FB5D1DFF810C2614501D92A
:107808001204A7D41A69DAF87432C2F312029B1A66
:10781800CAF868326FB9D4F864222AB904F29C42D3
:10782800012100F0B3FB04E0D4F860221A44C4F844
:1078380060225946204604F0A8FE93E7DFF8D0C13D
:10784800614506D1110485D49006F2D520229A60AC
:10785800EFE7002FEDD1D4F86432002BE9D104F220
:107868009C423946DDE7110444BF4FF400429A6058
:107878002046FEF78DFAA179012986D1206804F205
:107888009C4200F083FB80E7049BDB0740F1998072
:107898005FFA8AF31946059306F097F810F0010F7E
:1078A80080461FD06B6B01210AF00F0201FA02F229
:1078B80023EA02036B63CBF80810A17901290DD1E3
:1078C800D7E9072313443B62BAF1000F06D1636A74
:1078D80023B9206804F29C4200F058FB0599204621
:1078E80004F069FE18F0080F1CBF0823CBF8083015
:1078F80018F0100F1CBF1023CBF8083018F0400FF9
:107908001CBF4023CBF8083018F0020F0FD05146A7
:10791800304605F0A7FEFB7D012B05D10023059914
:10792800FB75204604F059FE0223CBF80830236883
:10793800069318F0800F44D0D7E909329A4240D80C
:10794800A3EB0208FB69984528BF9846069B03F5F8
:10795800106308F1030803EB4A134FEA98080793EA
:10796800079B996989B24145D7E9093227D39342E0
:107978000BD8069B0AF00F00D3F834280121814068
:1079880022EA0102C3F834281BE0A3EB0209FB69D1
:10799800059A0698994528BF9946A3790093396AAC
:1079A8001FFA89F305F041FF3B6A4B443B62BB6A0F
:1079B80009F103084B444FEA9808BB62D0E79342A9
:1079C800D7D9049B5B080AF1010A049324370BF109
:1079D800200B85E52046FEF7D1F99AE599601A68EB
:1079E80022F400121A60C3F80812D3F8002222F415
:1079F8000012C3F80022D3F8002242F00062C3F854
:107A08000022039A013203922033A8E50A30544F2A
:107A18000A31544F6B6943F4005343F02B036B61F5
:107A28002B6943F00B032B61B0E5B36923F08003A6
:107A3800B361012704F257284FF024092379BB4288
:107A48007FF6E4AD09FB07F318F80330012B03D1E7
:107A5800F9B2204605F02AFD0137EFE798F83C30E7
:107A6800D9F80020012B09D1002A07DA67F07F0135
:107A780088F83B30C9B2204605F018FD013708F1F7
:107A8800240809F12009CAE50CF1010C243320313E
:107A9800D8E500BF022A4AD1274B284A0B44934213
:107AA80039D9274B274A0B44934236D9264AA1F5A0
:107AB8007403A3F51053934231D9244AA1F1837377
:107AC800A3F5E74393422CD3214B224A0B4493421C
:107AD80029D9214B214A0B44934226D3204B214AD2
:107AE8000B44934223D3204AA1F1B773A3F558530B
:107AF80093421ED31D4B1E4A0B4493422CBF0623B0
:107B08000723C26822F47052C260C26842EA832323
:107B1800C360002070470F23F3E70E23F1E70D231E
:107B2800EFE70C23EDE70B23EBE70A23E9E709234B
:107B3800E7E70823E5E700BF405327FFFF340C00C1
:107B4800401E1BFF3F420F007F4F120020D613003C
:107B580060B6E5FE5FE3160000D3CEFE40771B005B
:107B6800C05BB3FEC091210020753800E05459FE77
:107B7800E09C410084B0F8B5044607A880E80E00F0
:107B880000239DF81C509DF82660194603F1400219
:107B980004EB820201330F2B5160F7D104F5006723
:107BA800002E4FD17B6843F002037B60A36B43F444
:107BB8000013A363A36B23F40023A363A36B23F431
:107BC8008023A3630023C4F8003E9DF82130012BD5
:107BD80042D19DF81F1000293CD1204605F086FDB2
:107BE8001021204605F03EFD0146204605F05DFDCA
:107BF8000843C0B2002300383B6118BF01207B61F5
:107C080004F51062FB61002D4FD0D4F80019994299
:107C180024DA4FF00061C4F8001900214FF67F3CC8
:107C280001339D421161C2F808C002F1200218D93F
:107C3800D2F800E0BEF1000F10DA4FF0904EC2F813
:107C480000E0EDE7A36B23F40013A363A36B43F4F5
:107C58000023B6E71946C0E70321BEE700211160FB
:107C6800DBE7D4F8002B002A04F5306319DA4FF06B
:107C78000062C4F8002B002200214FF67F3C01323D
:107C880095421961C3F808C003F120030DD9D3F850
:107C980000E0BEF1000F05DA4FF0904EC3F800E0A7
:107CA800EDE7002200211960E6E73B6923F48073C1
:107CB8003B610023A3616FF0804363619DF81E3030
:107CC8001BB9A36943F01003A361A2690A4B1343CC
:107CD800A3619DF822301BB1A36943F00803A36197
:107CE800012E01BFA36943F0804343F00403A3615D
:107CF800BDE8F84004B0704700383C8030B54A7899
:107D08000B78012A00EB431300F5006029D1D3F862
:107D18000029002A0BDAD3F8002942F00062C3F8E0
:107D28000029D3F8002942F08042C3F800290A78D4
:107D3800C56B012402F00F0204FA02F225EA0202DE
:107D4800C2630978C26901F00F018C4022EA04027B
:107D5800C261D3F80019174A0A40C3F80029002065
:107D680030BDD3F8002B002A0BDAD3F8002B42F0F1
:107D78000062C3F8002BD3F8002B42F08042C3F80E
:107D8800002B0A78C56B012402F00F0204FA02F2F4
:107D980025EA0242C2630978C26901F00F018C40EA
:107DA80022EA0442C261D3F8001B034A0A40C3F81E
:107DB800002BD4E7007833EC0078F3EFF7B54B7875
:107DC8000F786F4EDFF8C0C1012B00EB471440F06D
:107DD80089800D6904F5106345BB1D6935401D6137
:107DE8001D6945F400251D611D6905EA0C05012A78
:107DF8001D614CD1CA6902B15A610B79012B0CD1B2
:107E0800D0F8083813F4807FD4F800390CBF43F059
:107E1800005343F08053C4F80039D4F8003943F0D4
:107E28000443C4F80039002003B0F0BD1D6905EA19
:107E38000C051D611D6935401D610D698E6867B9A6
:107E4800B54288BF0E611D6945F400251D610D69A5
:107E58001E69C5F312053543C9E74A4FD3F810C068
:107E68003544013DB5FBF6F5AEB207EAC54545EA2E
:107E78000C051D610D79012DE9D11D6925F0C0455D
:107E88001D611F69750705F0C0453D43DEE7D4F85D
:107E9800003943F00443C4F800390B79012B0DD0A5
:107EA8000B69002BBFD00A78D0F8344802F00F02D3
:107EB800012393402343C0F83438B4E7D0F8083896
:107EC80013F4807FD4F800390CBF43F0005343F01B
:107ED8008053C4F8003900920B8A0A78C96805F003
:107EE800A4FCA0E7D4F8105B05EA0C05C4F8105B05
:107EF800D4F8105B3540C4F8105B04F530630E69A4
:107F08008D683FBB06B10D610D621E69C5F3120590
:107F180035431D611D6945F40025012A1D6102D103
:107F2800CA6802B15A610B79012B0CD1D0F8083814
:107F380013F4807FD4F8003B0CBF43F0005343F0A8
:107F48008053C4F8003BD4F8003B43F00443C4F822
:107F5800003B68E7002ED8D02E44013EB6FBF5F66C
:107F6800B6B275430D62074D1F6905EAC6453D4324
:107F78001D610D6A1E69C5F312053543CDE700BFC3
:107F8800FFFF07E00000F81F0000F8FF30B5114CB4
:107F9800056CA54200F5306303D9D0F8004B002CDE
:107FA80016DB00241C611C6944F400241C611C6954
:107FB80044F018041C611C69012944F0C0441C6188
:107FC80001BF5A61D0F8003B43F08023C0F8003B62
:107FD800002030BD0A30544F002876D03C4B1A6838
:107FE80002F44042B2F5404F20D13A4A904215D8A7
:107FF800394A904207D91A6802F44042B2F5004F54
:108008005CD102201FE0354A90421A6802F44042CF
:1080180047D9B2F5004F4CD1012014E01A6802F498
:108028004042B2F5004F3FD103200CE01A6802F439
:108038004042B2F5004F22D1274A90423ED8274A03
:1080480090422ED90020224B1B68012838BF0120FE
:1080580003F44043B3F5804F1FD0214A136823F03F
:10806800070303431360136803F0070398421CBF18
:10807800136803F00703C01A18BF012070471B6874
:1080880003F44043B3F5804F0CD1134B98421AD8F0
:10809800124B98424FF00000DFD9012838BF012069
:1080A800DBE71B680020D8E71B68032003F4404384
:1080B800D0E71B68012003F44043CBE71B6802208C
:1080C80003F44043C6E70220C7E70120704700BF1A
:1080D80000700040804A5D050090D00380C3C9014C
:1080E800003C024010B50446FAF752FD0348044A22
:1080F800012103F0F9FE204605F0BDFC00E9000867
:10810800CB0901082DE9F843044600AF0D46EFF30B
:108118001188102383F31288BFF36F8F0428294A2C
:1081280098BF294B9668117C94BF53F82030274B91
:10813800E9468AB06A462648C2E9073140F2013367
:108148009384244BC2E9050442F8103F22480023D7
:108158004FF43151FAF7ECFDCD4645B1EB69C3F365
:10816800080323B11D4A1C48012103F0BDFE2EB1AE
:10817800304605F018FD08B1037803B91848E946F8
:108188008AB06A46174BD061C2E9053640F201331E
:108198001384154B42F8103F00230F484FF4115138
:1081A800FAF7C6FD2946CD462046FFF79BFF88F320
:1081B8001188BFF36F8F3046FCF700FEBD46BDE85F
:1081C800F88300BF9418002000F00008DA090108BD
:1081D800F00901080500000100E90008180A010873
:1081E800E8090108390A01080400000138B50A4BFA
:1081F80053F82040013053F82050A54200D838BD2C
:10820800606830B1037EDB0701D405F011FC083447
:10821800F3E723689847FAE714F0000870B52A4B8B
:108228002A4C2B4D012286B003201A70FFF7DEFF7F
:1082380001F0A0F90420FFF7D9FF2646AE4204F169
:10824800300410D300F07EFD204C224EAC4226D3E1
:1082580000F08CFDF8F79EFD1F4A938923F0010377
:10826800938106B070BD54F80C3C059354F8103C4B
:10827800049354F8143C039354F8183C029354F8AC
:108288001C3C019354F8203C009354E90A2354E918
:108298000C0100F04FFB54F8303C5E65CDE7D4E9A3
:1082A8000A23B3F1FF3F08BFB2F1FF3F05D052EAFE
:1082B8000301206803D100F015FE3034C6E73146CB
:1082C800183000F09BFFF8E7E5180020C0E7000829
:1082D800C0E70008A1DC0008E009002070B5154ED1
:1082E800154D1649C02386B003FB00660122002302
:1082F800CDE904230F22CDE902320193182303FBB1
:108308000055044601EB40210D4B00954FF4C07217
:10831800304600F00FFB337C0A4AEE6023F004037A
:1083280033744FF4086304FB033313442C746B60F9
:1083380006B070BD20090020941800208029002074
:108348008FDA000800210020BFB50020FFF74EFF9C
:10835800294B83F30888294C294F636943F4007338
:1083680063610025F02384F82230E5772576657669
:10837800A57684F82050636A43F4E0236362FCF72F
:10838800EDFCFCF7AFFE4FF0FF33A362E362FCF7AE
:108398008FFFFCF7D1FEFAF75DFB1A481A4C00F084
:1083A80041FBFAF711FA0120FFF720FF0220FFF73F
:1083B8001DFF00F00FFD154B15499C61154B0593EA
:1083C8000123CDE903534FF480623B46CDE90155C3
:1083D8000095204600F0AEFA227C064622F0040200
:1083E8002046227405F01BFC2846FFF777FF3A4623
:1083F80031462046FCF74AFE8029002000ED00E0C7
:1084080025820008A00A0020E00900209418002016
:10841800802B002042F900082DE9F3410446174655
:108428001E46EFF31188102383F31288BFF36F8F72
:10843800C368334A7BB180689168884219D057EA8B
:10844800060318D188F31188BFF36F8F6FF00F0000
:1084580002B0BDE8F081916891F90E1021610133F5
:10846800E3609368A36088F31188BFF36F8F0020DF
:10847800EEE72169F2E791F90E1090F90E30994272
:10848800A8BF19466FF07E029142B8BF11468B42D1
:108498002DDD05F003FB0546CDE900761948224697
:1084A800414600F095FB0028E1D0EFF31186102338
:1084B80083F31288BFF36F8FA068D0B12368216956
:1084C8009C420AD04BB193F90E309942A8BF194685
:1084D8006FF07E039942B8BF194605F0DFFA40B144
:1084E8000848314600F008FC6FF00A00B0E70025A4
:1084F800D2E7002DF4D186F31188BFF36F8FF3E72D
:1085080094180020E6180020F8B583680546002B6B
:108518003FD0234A926893423ED1C368012B03D9C6
:10852800013BC3600020F8BDEFF31187102383F3EC
:108538001288BFF36F8F0169806805F0AFFA2C6865
:10854800AC4207D10023C5E9023387F31188BFF392
:108558006F8FE7E7002CF5D0D4E9003213605A603A
:10856800237C002623F002032374C4E90066A66076
:1085780004F1180005F013FCAC6094F90E302B617F
:108588002046A66705F04BFB0648394600F0B4FBC9
:10859800C8E76FF01500C6E74FF0FF30C3E700BF2C
:1085A80094180020E618002070B5EFF31186102308
:1085B80083F31288BFF36F8F0468A0421AD0CCB13E
:1085C800D4E9003213605A60237C002523F00203AB
:1085D8002374C4E90055A56004F1180005F0DFFB19
:1085E8002046A56705F01BFB31460848BDE87040EA
:1085F80000F082BBD0E902329A4218BF013383608F
:1086080086F31188BFF36F8F70BD00BFE618002096
:1086180013B5EFF31181102484F31288BFF36F8F21
:10862800846844B1013C846081F31188BFF36F8F83
:10863800002002B010BD52EA030406D181F311886C
:10864800BFF36F8F6FF00F00F3E7CDE90023024609
:10865800014800F0BDFAECE7E61800202DE9FF41DB
:108668004F4E04461027EFF3118887F31288BFF3A3
:108678006F8FD4F8C450F5B9022104F1DC0005F07D
:1086880021FA002868D004F1D405002201212846E7
:1086980005F04CFB0028F8D1002302934FF0FF327D
:1086A8004FF0FF33CDE90023414604F1CC023D48A9
:1086B80000F0E2FCD7E7D4F8C8202B68C4F8C4302F
:1086C800954208BFC4F8C830D4F8DC3043F0020340
:1086D800C4F8DC30EB6823F0040343F00103EB60DB
:1086E8006B6888F31188BFF36F8F28469847EFF3BC
:1086F800118887F31288BFF36F8FEB68D80623F0D1
:10870800010236D4EA60EB689A0716D5306823F080
:108718000203EB6088B10368002170B1426895429A
:1087280035D1036869BB72683360824200D17360D7
:10873800002340F8083BFFF737FFD4F8DC3023F07C
:108748000203C4F8DC3088F31188BFF36F8FDB05B0
:1087580089D400F047FB86E7D4F8DC30D9069BD5EE
:10876800C4F8DC0088F31188BFF36F8F04B0BDE84C
:10877800F08123F01103EB6005F11000FFF714FFFF
:10878800C1E70B607368834208BF7160D0E723B10B
:108798001A68014618461346BFE71A46F9E700BFAC
:1087A800B8180020E6180020F8B5C3689A070446F0
:1087B8000F46C3F340062ED45B071CD40B680BB9D5
:1087C80083680B60E368DD0744BFA3683B603D68CE
:1087D8004CBF02260126002D3CD0204B9A68D5F8C4
:1087E800C0309A420AD0D5F8DC30D807C3F38002EB
:1087F80014D46FF0120600233B6025E005F0CAF997
:10880800D5F8DC300028F0D1D907C3F3C002F0D581
:1088180052B15B0708D46FF00F06ECE7002AFAD1D3
:10882800C3F3C003002BF6D100232360D5F8C8306A
:1088380063B9C5E93144284605F04FF9E36843F0C8
:108848000403E3603B68A3603046F8BD1C60C5F8CC
:10885800C840F0E76FF01506CDE700BF9418002078
:10886800F0B589B004460020C4E931000E9D04F13A
:10887800CC00C4E9330004F1D400C4E9350055B391
:108888002879002840F2011008BF0120C4F8DC0054
:1088980000204FF0FF364FF0FF37CDE90330CDE928
:1088A8000100CDE906670D4B0094204600F08EF8D4
:1088B80055B1296811B1204605F072F96B791BB1E1
:1088C800A38943F00103A381204600F00BFBC4F801
:1088D800C04009B0F0BD0120D8E700BF6586000898
:1088E80037B501900846EFF31184102181F31288FF
:1088F800BFF36F8FC16811F01E0F16D153EA02053E
:1089080008D101A9FFF750FF84F31188BFF36F8FD7
:1089180003B030BD41F00801C1600199816204498A
:10892800103000F06BFC0120EEE70020ECE700BF00
:10893800F1DA00082DE9F043073285B022F007028A
:108948000E461F461099818100F15803FF32C0E995
:1089580016330446002322F07F0204218360017449
:108968007F2A0F98A073C4E90633E37306F18009E0
:10897800A2F1800805D883F31188BFF36F8F0846EA
:1089880002DFB51829462046FBF796FF07300E9BF5
:1089980020F00700A066C4E9189802930D9B019384
:1089A8002D1A0C9B00932A463B4631462046FCF77D
:1089B800E9FA00236365044B9B6803B1DB6EE36649
:1089C800284605B0BDE8F08394180020F0B587B0BC
:1089D80000250595109D04950F9D03950E9D029504
:1089E800DDE912760D9D01950C9D00950446FFF773
:1089F800A1FFB6F1FF3F08BFB7F1FF3F05D056EA28
:108A0800070305D1204600F06DFA204607B0F0BDF7
:108A18003A46334604F11800014900F0EFFBF4E749
:108A2800A1DC00080123037483810023C0E9183303
:108A3800C366014B9860704794180020094A9368F0
:108A48006FF00A019967084958674B6843F08053EB
:108A58004B60002383F31188BFF36F8F9368986F7F
:108A6800704700BF9418002000ED00E070B590F941
:108A78001020037C002A36DBD90634D11B4C63F066
:108A88007F032246037452F81C3F216A934207D1A0
:108A9800C0E900210860206211E09942F8D01B6803
:108AA800002BF5D090F90E5093F90E60B542F4D032
:108AB800AE42F2DD5968C0E9003108605860E569E6
:108AC800954200D005B9E568A3681A7CD20604D19E
:108AD800DA897F2A01D9AA6932B1AB4202D0284685
:108AE80000F00CFBA56170BDA361FCE794180020A1
:108AF80038B590F91020037C002A014604DA03F007
:108B08007F03037405F051F80D4D2A46AB6852F8FF
:108B18001C4F944200D004B9EC688B4207D01A7CF1
:108B2800D20604D1DA897F2A01D9A2692AB1A342DF
:108B380002D0204600F0E2FA2346AB6138BD00BF00
:108B480094180020B3F1FF3F08BFB2F1FF3F03D0F4
:108B58000249183000F052BB704700BFA1DC000882
:108B680038B5194CA168206A0B68814214BF1A46AF
:108B7800002249680B605960A368216A2AB9134A20
:108B8800C3E900210B6023620CE093F90E0092F90F
:108B98000E50A84214D0854212DD5168C3E9002165
:108BA8000B605360E569094B9D4200D005B9E56843
:108BB800A3689D4202D0284600F0A0FAA56138BDFE
:108BC8009142DCD01268D9E794180020B018002030
:108BD800F8B50E4B0C4611460D4A98681060DDE951
:108BE8000667EFF31182102282F31288BFF36F8FAA
:108BF8009D68284604F0EBFF284632463B46FFF7BF
:108C0800A1FF2046BDE8F840FFF718BF94180020E0
:108C1800C0180020F8B50446EFF31187102383F33A
:108C28001288BFF36F8F037C03F01F02002A0CBF6A
:108C38000126002649B239D103F07F03037404F0FA
:108C4800B4FF2C4D037C817363F07F032A460374C1
:108C580052F81C3F934227D1286AC4E900200460D7
:108C68002C620FE09842F8D01B68002BF5D093F9DE
:108C78000EC06145F6D08C45F4DD5968C4E9003171
:108C88000C605C60EC69944200D004B9EC68AB6895
:108C98009C4202D0204600F031FAAC6187F311887B
:108CA800BFF36F8F3046F8BD286ADEE79B071ED5F5
:108CB800856804F07AFF81732B689D4209D16B683F
:108CC800C4E900531C606C60E8E76A689342F6D018
:108CD8001B68002BF3D093F90E209142F5D08A42FD
:108CE800F3DD5A68C4E9003214605C60D6E781732A
:108CF800D4E700BF9418002049B9EFF3058030B9D4
:108D0800054B9A699B689A4201D0FFF797BE81F399
:108D18001188BFF36F8F704794180020034648B935
:108D2800EFF3058232B9064A91699268914201D0FF
:108D3800FFF784BE83F31188BFF36F8F704700BFBE
:108D480094180020EFF31181102383F31288BFF3E6
:108D58006F8F054B9A68D37B013BD37381F31188DE
:108D6800BFF36F8F704700BF9418002070B5EFF302
:108D78001186102383F31288BFF36F8F144DAB68ED
:108D8800DA7B0132DA732A4652F81C4F944200D03B
:108D980004B9EC681A7CD20604D1DA897F2A01D991
:108DA800A2692AB1A34202D0204600F0A7F92346BF
:108DB800AB6186F31188BFF36F8FEFF31180102337
:108DC80083F31288BFF36F8FBDE87040FFF7A6BF2B
:108DD80094180020024B03F11C02C3E907227047D4
:108DE8009418002070B5EFF31186102383F31288CE
:108DF800BFF36F8F1B4CA168206A0B68814214BFB8
:108E08001A46002249680B605960A368216A2AB98A
:108E1800154AC3E900210B6023620CE093F90E00A8
:108E280092F90E50A84218D0854216DD5168C3E960
:108E380000210B605360E5690B4B9D4200D005B9DA
:108E4800E568A3689D4202D0284600F057F9A5615D
:108E58003046BDE87040FFF7F1BD8A42D8D01268AD
:108E6800D5E700BF94180020B0180020F8B550EAE4
:108E7800010306460C4603D1FFF7B4FF0020F8BDF6
:108E8800EFF31187102383F31288BFF36F8F124D0E
:108E9800124BA8681860FFF72BFEA86810492346F4
:108EA8003246183000F0AAF9AA68137C43F004038C
:108EB800137404463846FFF7C1FDAB68D3E90A23AB
:108EC800B3F1004F08BF002AD8D104F090FF201A50
:108ED80020EAE070D3E700BF94180020C0180020F3
:108EE800A1DC000838B50446EFF31185102383F39D
:108EF8001288BFF36F8F037C5B070FD5183004F01F
:108F08004EFF237C23F0040320462374FFF7AEFDB5
:108F180029460548BDE83840FFF7EEBE85F31188BD
:108F2800BFF36F8F38BD00BFE6180020014B98686B
:108F3800704700BF941800202DE9F843044687893C
:108F4800EFF31185102383F31288BFF36F8F037C2F
:108F5800190705D585F31188BFF36F8FBDE8F8832E
:108F6800D90943F008025DD10274A36813B1204601
:108F780004F023FE04F1180004F011FFA66D04F1BB
:108F88005808B04511D04FF0000976B1304604F0CA
:108F980014FE06F1180004F002FFC6F87890304677
:108FA800FFF764FDA66DB045EFD1DFF8C880D8F8AB
:108FB80008309C423ED1EFF30589B9F1000918BF8A
:108FC8004FF00109D8F81C60284A964200D00EB923
:108FD800D8F80C60B34202D0304600F08FF8204633
:108FE800C8F8186003F0EAF9B9F1000F02D0204878
:108FF800FFF718FDD8F808309C4231D1EFF305830C
:1090080073BBA289D20718D42846FFF717FDFB07C0
:10901800A4D5002383F31188BFF36F8F0423184668
:1090280002DF9BE703F07F0343F00803037404F0B7
:10903800BCFD9AE74FF00009C4E785F31188BFF338
:109048006F8F83F31188BFF36F8F0423184602DFF5
:10905800EFF31180102383F31288BFF36F8FD4E7E7
:1090680085F31188BFF36F8FD1E700BFB0180020D8
:10907800A00A002094180020D3B5DDE90667089CF3
:10908800CDE90067FFF7A4FD1CB1034B9B685B6942
:10909800236002B0D0BD00BF94180020027C12F0FB
:1090A8001F02034610D10A4988420DD009490868B1
:1090B80068B1D9897F2909D893F90E20064B1B6816
:1090C8009A42B8BF0020704700207047104670478A
:1090D80020090020A8010020C4180020044BC01A51
:1090E800044BC0105843044B01221A54704700BF68
:1090F800600B0020ABAAAAAAE618002070B50D4B99
:109108000D4D1E7CFFF7CAFF06EB460305EBC305B2
:109118000446284604F043FE084B00229A553CB109
:10912800621E28460649BDE87040D31700F066B8AD
:1091380070BD00BF94180020600B0020E6180020C6
:10914800E590000838B5EFF31185102383F31288F2
:10915800BFF36F8F0F4B104A9C681068A04206D16E
:10916800FFF7CCFF85F31188BFF36F8F38BD00215F
:109178001B7C1160094AD35C002BF3D02046FFF713
:109188008DFF0028EED0237CDB0601D1FFF7E8FC39
:109198002046E5E794180020C0180020E6180020B3
:1091A800024B1868984208BF00207047AC010020A5
:1091B800034B1B680BB9FEF7ABB80020704700BF24
:1091C800C818002030B570B10B4B5B6898420AD0C4
:1091D800036843B1D3E90421D0E90445121941EBEE
:1091E8000501C3E90421D0E9003213605A60002365
:1091F800C0E9003330BD00BFAC010020B3F1FF3F30
:1092080008BFB2F1FF3F2DE9F84F044699461546CD
:109218001F467AD08160EFF31188102383F31288F8
:10922800BFF36F8FB9F1000FDFF8E8A020DBFFF77D
:10923800BFFFDAE90027013549F100092D1849EB8C
:10924800E073C4E90453AD18064643EB07074FF033
:109258000109FFF7A5FFDFF8C0E0DEF804A0034628
:10926800EBB9C4E900EACAF80040CEF8044028E0A7
:10927800DAE900126FF001035B1A4FF0FF3161EB7E
:1092880002025B1B62EB0902012B72F10001BCBFF9
:1092980001230022C0E904324FF00009D9E7D3E9DD
:1092A800041CD4E904208A4270EB0C0B24DA891AD6
:1092B8005A686CEB0000C3E90410C4E9003214607A
:1092C8005C60FFF76DFF84420ED1114B1B685BB9E0
:1092D800B9F1000F02D1FFF76BFF0646304604F0E4
:1092E80047FD0021FDF798FF88F31188BFF36F8FC2
:1092F80028463946BDE8F88F521A60EB0C009A45AB
:10930800C4E90420ADD01B68AAE700252F46EFE783
:10931800C8180020780B0020AC0100202DE9F04788
:10932800EFF31185102383F31288BFF36F8F264F55
:10933800264E3860FFF734FF4FF000084FF0000961
:109348003B68D6E9001E4FEAE37C50B1D0E90442FD
:10935800A3427CEB020A1ADAE41A62EB0C02C0E9B7
:1093680004425B184FF000044EEB0C022046C6E99D
:1093780000323C6004F0FCFC2146FDF74DFF85F30C
:109388001188BFF36F8FBDE8F047FFF7DBBE6118A8
:109398004EEBE473C0E90489C6E90013FFF712FF36
:1093A80085F31188BFF36F8F83689847EFF31185B2
:1093B800102383F31288BFF36F8F3B681B1B3B603E
:1093C800FFF7EEFEBCE700BFC8180020780B0020AE
:1093D80010B5EFF31184102383F31288BFF36F8F56
:1093E800FFF7E6FE054A0346D2E90001181841EBEB
:1093F800E37184F31188BFF36F8F10BD780B0020E1
:10940800F8B50646EFF31187102383F31288BFF3EC
:109418006F8F026822B187F31188BFF36F8FF8BD91
:10942800D0E90A54691C44F10003022973F10003CE
:1094380034D3013D44F1FF34002CBCBF15462C4603
:1094480004F0D9FC013041F10001401944EB01015D
:10945800012871F1000149DB04F0CDFC013041F134
:1094680000016FF00203401944EB010183426FF0E1
:1094780000438B413FDB04F0BEFC013041F10001A9
:109488006FF00102401944EB01044FF0FF33121A48
:1094980063EB04031A493046FFF7B0FE336B013320
:1094A8003363336A6BB187F31188BFF36F8F336A05
:1094B80030469847EFF31187102383F31288BFF3E0
:1094C8006F8F334653F8184F9C42A4D0002CA2D07B
:1094D800204604F0B3FB0023A36787F31188BFF38A
:1094E8006F8F2046BDE8F84004F099BB6FF0010289
:1094F8004FF0FF33CEE700224FF00043CAE700BF2A
:10950800099400082DE9F04105461C4690461F467F
:10951800EFF31186102383F31288BFF36F8FB4F132
:10952800FF3F08BFB2F1FF3F05D186F31188BFF3B3
:109538006F8FBDE8F081002C09DB012A74F100036C
:10954800BCBF0122002412F1FF3844F1FF3728463E
:1095580004F025FCDDE90623C5E90A2300232B6373
:1095680042463B4628460249FFF748FEDDE700BF72
:1095780009940008014802F0F3B800BF9E0A0108E8
:1095880007B5074B0093074907484FF0FF334FF4DF
:109598008062FFF765F9002003B05DF804FB00BFA7
:1095A8002CF0000800300020800B00200CB430B5EF
:1095B80089B005460C461C22002101A804F07EFD56
:1095C80002238DF806300E4B0293059523462CB1E5
:1095D800B4F1004F28BF4FF00043013B1D440DAAD2
:1095E8000C99069501A8009200F0A8F814B1059B03
:1095F80000221A7009B0BDE8304002B0704700BFC1
:1096080055E200082DE9F04101260746B24201DC87
:10961800BDE8F0813B461F4613F8014B002CF7D0FC
:10962800252CF8D11C78252C07F10207F2D000234D
:10963800DFF804819C461D461F2D18D8A4F1200E82
:10964800BEF1100F09D9A4F1300EBEF1090F1ED8D2
:109658000A2404FB03E3202504E028FA0EFE1EF08A
:10966800010F06D017F8014B002CE5D128E07F2D1B
:109678001CD8A4F1300EBEF1090FE9D9242C10D161
:10968800BCF1000F46D0B34246D00023EAE724F0ED
:10969800040EBEF12A0FF8D06C2C09D145F08005D4
:1096A800E0E724F0040EBEF12A0FEED06C2C22D095
:1096B8006C2C1BD8682C23D06A2C28D04C2C26D094
:1096C800BCF1000FA4D0B445A0D144F02007A7F105
:1096D800650CBCF1020F0B6801D9612F1ED107334D
:1096E80023F0070308330B6001368EE7742CB9D0DA
:1096F8007A2CB7D0E4E72C0648BF45F40075CDE7CF
:10970800EC0548BF45F4007545F48075AAE745F4B3
:109718002075A7E79C46B8E76324D6E7692C02D0F2
:1097280007D8632C03D02F0601D5AC05D7D4043352
:10973800D9E7732CF6E700BF892801002DE9F04F1F
:1097480093B043680193837880469807CDE9061261
:1097580017D50B920B4600251F78A7B1252F16D0D9
:1097680001330593019B414638469847002805F187
:10977800010580F2528498F8023043F0040388F817
:1097880002304FF0FF35284613B0BDE8F08F5F7800
:109798009A1C252F0592E5D000242646A246A3460A
:1097A800BBF11F0F32D8A7F12003102B0AD8DFE82E
:1097B80003F02409092A0909091B090909220927AB
:1097C80009091900A7F13003092B2DD92A2F39D1FE
:1097D80054B90B9B1BF0400F53F8042B0B9329D063
:1097E800164601E04BF0010B059B13F8017B05932E
:1097F800002FD5D15BE04BF0020B4BF0040BF3E7E5
:109808004BF0080BF0E74BF0100BEDE7BBF17F0FC7
:109818003FD8A7F13003092BD8D81BF0400F03D04D
:109828000A2202FB0636DFE70A2202FB0A3A4BF05D
:10983800200BD9E7B2F1000AF9DACAF1000A4BF0B5
:10984800280BD1E72E2F05D11BF0400F9BD14BF0F1
:10985800400BC9E7242F1CD1002C00F04381079B43
:109868000B931BF0400F0AD1524606980BA9FFF73D
:10987800C9FE0B9B1A1DD3F800A00B92B4E7324621
:1098880006980BA9FFF7BEFE0B9B1A1D1E680B92CC
:10989800AAE76C2F00F0138100F20A81682F00F00C
:1098A80016816A2F00F01B814C2F00F0188134B10B
:1098B800079B06980B9322460BA9FFF7A3FE002EE1
:1098C80047F02003B8BF2BF0400B0293A3F16503C8
:1098D800BCBF1FFA8BFB0026022B40F20881029BBB
:1098E800612B40F08382FF4307F0200304930B9B16
:1098F800073323F0070303F108021BF0400F93ED31
:10990800000B0B9218BF3146049A08BF4FF0FF3185
:109918000CA804F0DBFB431CDBB24BF4C0540393EC
:10992800DDF8309070230646A3460127029309F11B
:109938000903122B0CD909F16303C62B40F21181DC
:1099480009F2E73340F2CE72934294BF032704270B
:109958009DF8342002F00C0312F0010240F01C8143
:109968001BF0020F40F015811BF0040400F0FB808F
:10997800002B40F0148120231BF4405F21D1039A6F
:109988004832002E6A4408BF0126133A039921B1D0
:1099980012F8011D302900F039811BF0100F039ACD
:1099A80018BF324619F1040FC0F23581B14580F273
:1099B80032814A454BF4005B40F32F8109F10106DF
:1099C800961B1BF40052089200F0298129EAE974D9
:1099D800013403B10134002E00F02881721C1444B4
:1099E800A245CCBFAAEB040400241BF0090F04D144
:1099F8002C44A54240F01F81002443B1184641463B
:109A0800019B9847002805F10105FFF6B4AE1BF449
:109A1800006F13D0019B4146302098470028FFF67D
:109A2800AAAE049BC3F178004146019B00F0F80000
:109A38009847002805F10205FFF69DAE1BF0080FB8
:109A480005D12C44AC4240F0028125460024089BF5
:109A5800002B00F02C8129EAE97AA9EB0A02764268
:109A6800039B0292934284BF0CABD3180AF1FF3ACE
:109A78008CBF58793020564505F1010700F3F18075
:109A8800019B41469847029A002802F10102FFF61D
:109A980072AEBAF1FF3F09D1019B029241462E20D6
:109AA80098470028FFF667AE029AAF1C3D46D7E7F5
:109AB800742F3FF499AE7A2F3FF496AEF7E61BF079
:109AC800800F18BF4BF4007B4BF0800B8CE61BF427
:109AD800807F18BF4BF4007B4BF4807B84E64BF40B
:109AE800207B81E62646B3465446B2467CE6FF43D1
:109AF80007F0200304930B9B073323F0070303F1BC
:109B0800080293ED000B029B0B921BF0400F08BF5D
:109B18000626652B11D1711C0022C9B24BF4805B5B
:109B28001346112928BF11210CA800F015FBC3B258
:109B3800DDF8309003930227F9E6029B662B05D1E6
:109B48004BF4005B334601221121EAE7F1B2012907
:109B58004FF000024FF0650038BF01211346029014
:109B6800DFE70227F4E6002B3FF406AFBAF1030F54
:109B78003BDC9DF834309B4E13F0080F9A4B08BF1E
:109B88001E46B1464F4619F8010BB0BBAE1B374411
:109B980088E033BB2B23EFE62BBB2D23ECE62022FA
:109BA800BAF1040F13DD1BF0080FAAF104040FD15A
:109BB8002C44019B0292414620209847002805F139
:109BC8000105FFF6D8ADA542029AF2D19AB1002458
:109BD800019B414610469847002805F10105C8DA5F
:109BE800C9E52B22DCE72D22DAE71BF0080FAAF1E2
:109BF8000304BED1DCE71446BBE7049BC01A414608
:109C0800019BC0B298470028BCDAB4E50399013932
:109C1800C9B20391BAE6561ED3E60026D1E61BF474
:109C2800006F0CBF032405243C44D2E61BF0100F40
:109C380018BF0134D4E609934146019B2020984778
:109C48000028099B05F10105BFF6D3AE93E5019BFA
:109C5800414630209847002805F10105BFF6F2AECD
:109C680089E5D1450AD19DF83530352B1DD805D168
:109C78009DF8343013F0100F08BF3120019B414686
:109C880098470028FFF677AD1BF0100F0AD0BAF1FD
:109C9800FF3F07D1AF1C41462E20019B9847002863
:109CA800FFF669AD3D463C443EE23120E6E79DF8CB
:109CB800350031281EBF9DF8343023F010038DF88D
:109CC80034304146019B98470028FFF654AD002EDA
:109CD8006BDD019B41462E2098470028FFF64BADCF
:109CE8004FF0010A039B9A45BBBF0CAB534430208D
:109CF8005879019B414698470028D346FFF63BAD6B
:109D08000AF1010A5645EDDA02355D44029B049AD0
:109D1800981A4146019BC0B298470028FFF62BAD20
:109D2800B9F1000F04DB4ED19DF83430DB064AD57B
:109D3800C9F100092D20019B414698470028FFF6EC
:109D48001AAD042F41D14FF47A7799FBF7F606F153
:109D58003000019B4146C0B29847002805F1030531
:109D6800FFF609AD07FB1699642799FBF7F606F18C
:109D78003000019B4146C0B29847002805F1010513
:109D8800FFF6F9AC07FB16990A2799FBF7F606F1D7
:109D98003000019B4146C0B29847002805F10105F3
:109DA800FFF6E9AC07FB169915E01BF0100F01D17F
:109DB8000135ABE7019B41462E209847002805F165
:109DC8000205A3DAD7E42B20B5E7032F05F1020536
:109DD800CAD0012FD8D109F130006F1C4146C0B25A
:109DE8005BE700BFE20A010862FA0008A7F1630313
:109DF800122B00F2FB80DFE813F013005300F90088
:109E0800F900F900F9005300F900F900F900F90028
:109E1800F9001301F400F900F9002800F900B50071
:109E28000B9B1A1D1B680B928DF8303001240CAF68
:109E38001BF0080F2AD007EB04093E464E4527D1F0
:109E4800EF1B3744AAEB04042CE70B9B1A1D0B925B
:109E58001F68AB4B002F08BF1F461BF0400F14BFF5
:109E680031464FF0FF31384603F0EFFF0446DFE795
:109E7800019B4146202098470028FFF67CAC013E14
:109E8800B442F5D35544AD1BB246D4E75646F7E77E
:109E980016F8010B019B414698470028CEDA6AE480
:109EA8001BF0800F0B9B35D01BF4007F2DD00733A0
:109EB80023F00703D3E9000103F108020B922BF00A
:109EC800100900291FFA89F936DA404261EB41018D
:109ED80049F480690DF1300B0A235A4603F0C1FF9B
:109EE80019F0400FA0EB0B0B65D029F001025E457D
:109EF80092B240F3B280002F00F0A98019F010034D
:109F08003446914626D002345CE01A1D18680B923C
:109F1800C117D4E71A1D1BF4807F19680B9201D171
:109F28000846F5E71BF4007F15BF48B208B241F3B5
:109F3800C01141F3C031C2E750EA0103CAD11BF096
:109F4800400FC7D0002EC5D12BF0110B1FFA8BF98B
:109F58003446B34640F2064319EA03031CBF0134F2
:109F680000232FE02BF0100B1FFA8BFB0A231BF0AA
:109F780080040B9A57D01BF400711DBF073222F0E2
:109F8800070202F10801101D19BF0B91D2E9000167
:109F98000B90106850EA010252D12BF016091BF001
:109FA800400F1FFA89F94FD0002E4DD12BF0170B17
:109FB8001FFA8BF9B34619F0100352D0002F4ED177
:109FC8000BF1010419F0080F5ED119F0010F06D04A
:109FD800A2456DDDAAEB040404EB0B0654462246A9
:109FE8004DE04BF0100B10237827C0E7029B782B2D
:109FF80004D1C7F1780343F01003B8E7019B414649
:10A00800252098470028FFF6B6AB019B4146384605
:10A0180098470028FFF6AFAB0235059BFFF79CBBBE
:10A0280008230027A3E7111D0B911BF4807110680A
:10A03800B0D01BF400711ABFC0B2214680B2A9E7A4
:10A048002BF0060B1FFA8BF90DF1300B45E729F0C1
:10A0580011091FFA89F934467CE79146ABE75C465B
:10A0680051E75C4676E7CDE902234146019B202073
:10A0780098470028FFF67FAB029A039B013292456E
:10A08800F1DC2C1BA5181446EBB1019B414630208E
:10A0980098470028FFF66FAB67B901352F462E4465
:10A0A800F31B5B4521DC5D460CAE5DBB5F44C9E636
:10A0B8005E4694E7023541463846019B984700289A
:10A0C800ECDAFFF758BB40F2064319EA030FE5D074
:10A0D80019F0020F14BF2B20202019F4806F05F10E
:10A0E8000105414618BF2D20E7E7019B4146302076
:10A0F8009847002807F10107D2DAFFF73CBB00BFF9
:10A10800E60A0108013D019B705D41469847002819
:10A11800CBDAFFF730BB019B414620209847002847
:10A1280005F10105FFF627AB631B002BF3DC74E791
:10A138001FB502AB0093074A4FF0CC3303F076FF0C
:10A14800DDE90201C00840EA4170C90805B05DF8C0
:10A1580004FB00BFCDCCCCCC2DE9F04F55EC104B17
:10A168009DB0CDE90B122A460D93290DC5F31303B3
:10A17800D20FC5F30A5507908DED050A0A9275B9F5
:10A1880022461A431BD1302343710A9B056043F0D2
:10A1980002030371012738461DB0BDE8F08F40F275
:10A1A800FF7295424DD1059A13430A9B079A14BF33
:10A1B80043F0080343F0040313710027EBE7059A03
:10A1C800B24D02F001020992059A4FEA830848EA63
:10A1D8009278970001229A461646C5F1000B584618
:10A1E800089200F015FAB5F1FF3FACBF8146A0F127
:10A1F8000109ABEB090B09EB05035846069300F080
:10A208000DFA18A9A0F17D05584600F027FA14ABFD
:10A21800089A0193A9EB050512AB029200930598E1
:10A228002B4618AA514603F044FEB9F1010F044623
:10A238000D4600F2D880099B002B40F0CB80012707
:10A248006FE0059A02F001020992059A43F4801A18
:10A258004FEA8A081343A5F2354548EA92784FEA4F
:10A2680082074BD140F2FE7319420CBF012600262B
:10A27800002D3246B1DB284600F0C4F90346032D11
:10A28800C8BF013B1846069300F0C8F9069B7C300E
:10A298005D1B054418A9184600F054FA14AB019345
:10A2A80012AB0093059802962B4618AA514603F064
:10A2B80000FE069B152B04460D4600F2888016AB5F
:10A2C800734A009338464FF0CC33414603F0AEFE54
:10A2D800169B179A9B0843EA827303EB8303BB42DE
:10A2E800DDE9129A0CD13846414600F09FF9069BE9
:10A2F80083428CBF00270127002612E00126B7E71A
:10A30800099B002B53D1013F48F1FF31B81B61F184
:10A31800000100F08BF9069B099F83428CBF002641
:10A3280001260C9B002B40F09280DDF82CB04FF0FA
:10A338000008CDF82080CDF814804FF00A0ADDE936
:10A348001201FFF7F5FE149B1093CDE90E01184694
:10A358001599FFF7EDFE0E9B0F9A119198420B4647
:10A368009341814680F08D8020462946FFF7E0FE24
:10A37800109A0AFB09F3934214BF002606F001065F
:10A388000E9B12930F9BCDE91339119B1593089BD4
:10A39800B8F1000F14BF002707F0010701330AFBCB
:10A3A80010485FFA88F8089304460D46C7E7B81CBA
:10A3B80048F1000100F03AF9069B83428CBF002067
:10A3C8000120B9EB00006AF10002CDE91202002772
:10A3D8003E46A6E7129B139A013B42F1FF32CDE9B4
:10A3E8001232012788E7B9F13E0FF0D84FF0FF335A
:10A3F800A9F1200003FA09F203FA00F0C9F12001DB
:10A4080023FA01F102430A4303FA09F327EA03078F
:10A4180028EA020857EA08070CBF012700276BE75C
:10A4280000FB02FCA1FB0012013362448C4275EB75
:10A43800020CF5D2069A13440D9A1344012B0B9A79
:10A44800B8BF01239A42A8BF1A4693466FE70A216C
:10A45800002201230846E9E70AFB03F0A2FB0A23CE
:10A4680001310344944275EB0300F5D2594511DDDF
:10A47800BBF1000F02D154EA05030BD00123059369
:10A4880072E70A2200230121ECE700BFCCFBFFFFA3
:10A49800CDCCCCCC7EB34FF00A0A149B15990F9300
:10A4A8001846FFF745FE0F9B0E910AFB00F29A42F1
:10A4B800814620D1DDE91201FFF73AFE10900F9195
:10A4C80020462946FFF734FE0F9B109A1292CDE9D9
:10A4D80013390E9B1593089BB8F1000F14BF002782
:10A4E80007F0010701330AFB10485FFA88F8089360
:10A4F80004460D46D1E7069B089A13449946002F57
:10A5080058D0B8F1050F55D114F0010348D1059A78
:10A5180032B9DDE914239D4208BF94425DD0059B02
:10A5280018194FF00A0445F10001002201262546BA
:10A53800A04271EB020753D2E3B1B3451ADA0C9B80
:10A5480063B10D9A06EB09031A4422EAE2730B9AE7
:10A558009A42A8BF1A46964293460BDD05304FF043
:10A568000A024FF0000341F10001F6F72FFA09F152
:10A578000109013E5E45A8BF5E4637B20FFA89F968
:10A58800079B09FA86F607F10508013E98444FF043
:10A598000009B9452BDB079B0A9A1E601A71FAE578
:10A5A800059B2BB9DDE914239D4208BF944209D0CD
:10A5B8000123B5E7059B53B9DDE914239D4208BF84
:10A5C800944204D1099B002BF2D1002EF0D0B8F1AF
:10A5D800040F94BF00230123A2E74FF00408F1E71A
:10A5E80005FB02F7A4FB054201363A44A0E70A221C
:10A5F8000023F6F7EBF9303208F8012D09F10109CB
:10A60800C7E700BF014B5843800C70474134010035
:10A61800014B5843000D7047FB2E0B00024B58436B
:10A62800C00C0130704700BF4F9312000A4A70B542
:10A6380003464FF0CC3600204FF0333506FB03F4C9
:10A6480002FB0144A3FB023121449D4275EB010446
:10A6580001D30130F2E770BDCDCCCCCC2DE9F04F61
:10A668001A23354EB0FBF3FA03FB1A0389B00446EC
:10A678000D4606EB0A1653B9D6E90023C1E90023B3
:10A68800D6E90201C5E9020109B0BDE8F08F2B4AFD
:10A6980002EBC303D3E9008904AB0093D6E9022394
:10A6A8004046494603F0C2FC06AB0093D6E90023B6
:10A6B80083460F464046494603F0B8FCDDE906628A
:10A6C80016EB0B0652EB07084FF0000328BF0123D7
:10A6D800814633B1049B059A013342F10002CDE96A
:10A6E800043220460391FFF799FF07461A2000FB22
:10A6F8000AF0FFF793FF3F1A324643460399009743
:10A70800484603F0AEFC4FEA141C0D4A640004F0FE
:10A718001E0352F82C40DC4004F00304241841F1D5
:10A728000001C5E90041DDE90423009730464146B0
:10A7380003F097FCA6E700BF48EA000878E900089C
:10A7480038F000082DE9F04F1A27DFF8ECA000F1E7
:10A758001905B5FBF7F56F433A1A4FEA051B89B09F
:10A7680004460E460AEB05150AD1D5E90023C1E9CE
:10A778000023D5E90201C6E9020109B0BDE8F08F5E
:10A788002B4B03EBC203D3E9008904AB0093D5E953
:10A7980002234046494603F049FC5AF80B206B68EF
:10A7A800013ACDE9020106A963F100030091404690
:10A7B800494603F03BFCDDE906528A4602996D18CA
:10A7C800039952EB01084FF0000328BF012381468B
:10A7D80033B1049B059A013342F10002CDE90432FA
:10A7E8003846FFF71BFF07462046FFF717FF3F1ABB
:10A7F8002A46434600974846514603F032FC4FEA42
:10A80800141C0C4A640004F01E0352F82C40DC406F
:10A8180004F003040134241841F10001C6E90041A1
:10A82800DDE9042300972846414603F01AFCA2E715
:10A8380078E900088CF0000818EB000810EE100A00
:10A84800C0F3C7527F3A162A15DC002A08DA01320B
:10A8580000F0004301D143F07E5300EE103A7047F8
:10A86800074911410142FAD04FF4800313410344D0
:10A8780023EA0103F1E7802AF1D130EE000A70479C
:10A88800FFFF7F0010EE103A07B51F4A23F0004380
:10A89800934206D8DFED1D0A03B05DF804EB00F023
:10A8A8009FBAB3F1FF4F04D303B05DF804EB00F097
:10A8B80083BA684600F0D0F800F0030001280BD0F6
:10A8C800022812D0C0B9DDED010A9DED000A00F0A2
:10A8D80087FA03B05DF804FBDDED010A9DED000A7F
:10A8E80000F054FDB1EE400AF3E7DDED010A9DEDFD
:10A8F800000A00F075FAF5E7DDED010A9DED000AA2
:10A90800012000F043FDE4E7D80F493F00000000B4
:10A91800F8B52DED028BB0EE408AF0EE608A00F0BB
:10A928000FFA30B938EE288AB0EE480ABDEC028B2F
:10A93800F8BDB0EE680A00F003FA0028F2D0B0EED5
:10A94800480A00F0FDF9012807D1B0EE480ABDEC2D
:10A95800028BBDE8F84000F02FBA18EE904A34F0A8
:10A96800004002D1B0EE680AF1E718EE103A23F081
:10A9780000468642D8DB03F0004505D1354B03EB92
:10A98800557393ED008ACFE713F0FF4F40D13202A1
:10A998006FF07D01002A38DC14F0FF4F3ED107022A
:10A9A8006FF07D02002F36DA11F17E0FB9BF6FF01C
:10A9B8007D035B1AC3F3160343F40003B8BF06FA1A
:10A9C80003F312F17E0FB5BF6FF07D04C4F31604D4
:10A9D800A41A44F40000B8BFA040891A1C1A01BB8D
:10A9E80013EA240338BF2346002BC7D0B3F5000F62
:10A9F8001FDB12F17E0F1FDBA3F500032B437F3211
:10AA080043EAC25308EE103A8EE701395200C1E713
:10AA1800F1157F39C0E7013A7F00C3E7C2157F3AD5
:10AA2800C2E7002C02DA5B000139D7E7A6D0630041
:10AA3800FAE75B00013AD9E7C2F1FF2202F57F028B
:10AA4800823213412B4307EE103AF7EE007A27EED5
:10AA5800278A69E7E0F00008F0B510EE105A864A38
:10AA680025F00043934287B0044605D8002380EDC3
:10AA7800000A4360002022E0804A93423AD825F039
:10AA88000043002DDFED7E7A7E4A23F00F0318DDA8
:10AA9800934230EE670A09BFDFED7B7A9FED7B7A40
:10AAA8009FED7B7A30EE670A70EE477A30EE670AE0
:10AAB800C0ED007A30EE470A80ED010A012007B0A8
:10AAC800F0BD934230EE270A09BFDFED6F7A9FEDA4
:10AAD8006F7A9FED6F7A30EE270A70EE077A30EEC4
:10AAE800670AC0ED007A30EE070A80ED010A4FF0E0
:10AAF800FF30E4E7674A934270D8B0EEC00A9FED92
:10AB0800667AF6EE007A40EE077AFDEEE77AF8EE1E
:10AB1800E76A17EE900ADFED5A7A06EEE70A1F2871
:10AB2800DFED5A7A66EEA77A30EE677A17EE106A8A
:10AB380009DC5A49471E25F0004251F8271022F037
:10AB4800FF028A4206D1C6F3C751DA15C1EBD353C7
:10AB5800082B14DC266094ED007A30EE470A002DAD
:10AB680030EE670A84ED010AA9DAB1EE477AB1EE50
:10AB7800400A84ED007A84ED010A40429FE7DFED48
:10AB8800427A9FED436A66EEA77A30EE677A30EE36
:10AB9800470A70EE677A56EE867A37EE676A16EEDF
:10ABA800101AC1F3C753D31A192B04DC84ED006AB9
:10ABB800B0EE470ACFE7DFED3A7A66EEA77A37EECE
:10ABC800670A37EE407A77EE677A9FED367A56EE67
:10ABD800877A30EE677A84ED007ABCE7B3F1FF4FED
:10ABE80006D330EE400A80ED010A80ED000A41E705
:10ABF800DA15863AA3EBC25307EE903ABDEEE77A30
:10AC0800DFED296AB8EEC77A77EEC77A8DED037A59
:10AC180067EEA67ABDEEE77AB8EEC77A77EEC77A1E
:10AC28008DED047A67EEA67AF5EE407AF1EE10FA29
:10AC3800CDED057A1ED1B5EE407AF1EE10FA0CBFD3
:10AC480001230223194901910221009103A82146F9
:10AC580000F01EF9002DBFF632AFD4ED007AF1EE08
:10AC6800677AC4ED007AD4ED017AF1EE677AC4ED23
:10AC7800017A82E70323E5E7D80F493FE3CB164083
:10AC8800800FC93FD00FC93F00443537434435379B
:10AC980008A3852E800F494384F9223FE8F0000875
:10ACA80000A3852E32318D240000804368F100080E
:10ACB80010EE103A07B5204A23F00043934207D814
:10ACC800DFED1E0A002003B05DF804EB00F05EBB68
:10ACD800B3F1FF4F04D303B05DF804EB00F06CB898
:10ACE8006846FFF7B9FE00F0030001280CD00228DF
:10ACF80011D0D0B9DDED010A9DED000A012000F068
:10AD080045FB03B05DF804FBDDED010A9DED000A8B
:10AD180000F066F8F5E7DDED010A9DED000A012077
:10AD280000F034FBB1EE400AEBE7DDED010A9DEDE2
:10AD3800000A00F055F8F5E7D80F493F0000000079
:10AD480010EE103A33F000400DD0A0F50003B3F137
:10AD5800FE4F0AD3074B421E9A4208D9A0F1FF437F
:10AD6800584258417047022070470420704703201A
:10AD7800704700BFFEFF7F009FED050ADFED057AF3
:10AD8800002808BFF0EE407A27EE800A704700BF1F
:10AD980000008000000080809FED050ADFED057A45
:10ADA800002808BFF0EE407A27EE800A704700BFFF
:10ADB800FFFF7F7FFFFF7FFF08B52DED028BB0EE11
:10ADC800408AFFF7BDFF20B938EE080ABDEC028BB8
:10ADD80008BDDFED027A87EEA70AF7E7000000005A
:10ADE80010EE103A23F00043B3F1485FB7EE007A53
:10ADF8003BD360EE006ADFED1E5A9FED1E6A1E4AC5
:10AE080006EEA56A9342DFED1D5A56EE265A9FEDCF
:10AE18001C6A05EEA66ADFED1B5A56EE265A9FED10
:10AE28001A6A05EEA66A60EE200A26EE266AF6EE93
:10AE3800007A56EE260A66EEA77A04D877EEE07A0C
:10AE480037EE670A7047114A93429ABF03F17F436E
:10AE580006EE903AF5EE026A77EEE67A37EE660A83
:10AE680077EEE07A30EE670A7047B0EE470A70472F
:10AE78004ED747ADF6740F319999993E7CF29334C9
:10AE8800010DD037610BB63AABAA2A3D0000483F06
:10AE98002DE9F04F2DED048BD9B090469B46669A6C
:10AEA800BE4BDDF89CC153F822A0019018F1040FA5
:10AEB8000F460BF1FF3325DBB8F1030248BF08F159
:10AEC8000402D210551CE900D41A9FEDB87A0291F9
:10AED800A8EBC5050AEB03060DF170090CEB840E0F
:10AEE8000021B14210DD1CA901EB8B010DF5887919
:10AEF8000026564526DCDDF804E0DFEDAC7A0C468A
:10AF0800002016E00022DDE7CC425DBF5EF821009C
:10AF180007EE900AF8EEE77AF0EE477AE9EC017A64
:10AF28000131DEE7FEEC016A94ED007A46EE877A9D
:10AF380001309842A4F10404F4DDE9EC017A013609
:10AF48000431D6E708A901EB8A010CEB8202DFED98
:10AF5800968A9FED949A049103925446A200059212
:10AF680058AA02EB840212ED140A44A908AA01EBBC
:10AF78008401164620460028A1F104014EDC28462B
:10AF8800CDE9063200F058FAB0EE408AB4EE000A75
:10AF980028EE000A00F096FAF2EE007A00EE678AD0
:10AFA800002DDDE90632FDEEC87A17EE909AF8EE2C
:10AFB800E77A38EE678A43DD601E08A9C5F1080CF8
:10AFC80051F8206046FA0CF1894401FA0CF1761A1E
:10AFD80008A941F82060C5F107010E41002E3EDDA9
:10AFE8004FF0000C09F10109604664456ADC002D48
:10AFF80005DD012D00F08380022D00F08B80022EEC
:10B008002DD1B7EE000A30EE488A40B328460693A1
:10B0180000F012FA069B38EE408A20E060EE287AAB
:10B028000138FDEEE77AF8EEE77A07EEC90ABDEED9
:10B03800C00AA6EC010A91ED000A37EE800A9AE7E9
:10B0480005D1611E08A850F82160F611C6E7F6EE92
:10B05800007AB4EEE78AF1EE10FA31DA0026B5EE9E
:10B06800408AF1EE10FA40F0A380611E002051459D
:10B0780057DA002871D0013C08AB083D53F824305A
:10B08800002BF8D02846B7EE000A00F0D5F9631C6B
:10B0980044AA9FED457A990002EB83022346002BD0
:10B0A80080F2B4802346002BC0F2D28044AA02EB7F
:10B0B8008305DFF8ECC0DFED3D7A0020E21ABCE042
:10B0C80002268DE796465EF8041B60B981B10CF143
:10B0D800010CC1F5807164454EF8041C0DDDDEF8E5
:10B0E800001002F1080EC1F1FF014EF8041C012105
:10B0F8000CF1010C7246084677E7012077E7611EDC
:10B1080008AA52F8212002F07F020DF1200C4CF819
:10B11800212074E7611E08AA52F8212002F03F029C
:10B12800F3E708AA52F82120013910439FE70132BA
:10B1380051F8040D0028FAD0059901F5B071694459
:10B1480004EB0B000DF1700C661C4C390CEB800005
:10B158002244B24204DA144600E704990122E7E7E0
:10B16800039CDDF804C054F82640059407EE904A85
:10B17800F8EEE77A0024E0EC017ADFED0C7A8646F7
:10B188009C4203DDE1EC017A0136E2E7FCEC016A5E
:10B198003EED017A013446EE877AF1E7ACF4000817
:10B1A80080F40008000080430000803B000000009D
:10B1B800029BB0EE480AA3EB080000F03DF91FED32
:10B1C800077AB4EEC70AF1EE10FA19DB5FED0A7AD6
:10B1D80060EE277A08AAFDEEE77A0835F8EEE77AF6
:10B1E80007EEC70AFDEEE77ABDEEC00A10EE103A88
:10B1F80042F8243017EE903A013442F8243041E7FF
:10B20800BDEEC00A08AA10EE103AF6E708A850F8F2
:10B218002300019007EE900AF8EEE77A013B67EE0B
:10B22800807A20EE070A62ED017A38E7FCEC016AC1
:10B23800B5EC017A46EE877A0130504501DC82424E
:10B24800F4DA58A800EB820242ED287A013B2AE79B
:10B25800669B022B09DC002B2BDC44D009F007008D
:10B2680059B0BDEC048BBDE8F08F669B032BF5D17C
:10B2780030AA0B1F13441A4620460028A2F10402E4
:10B2880052DC2246012AA3F104035DDC30AB5FEDFA
:10B29800397A0B44012C67DCDDED306A9DED317A9B
:10B2A800002E67D1C7ED006A87ED017AC7ED027AF3
:10B2B800D4E730AB1FED437A0B442246002A24DA48
:10B2C8004EB3F1EE477AC7ED007ADDED307A77EECE
:10B2D800C77A31AA01239C4220DA0EB1F1EE677ACF
:10B2E800C7ED017ABAE730AB5FED507A0B44002C1A
:10B2F80005DA0EB1F1EE677AC7ED007AAEE733ED05
:10B30800017A013C77EE877AF1E773ED017A013A29
:10B3180037EE277AD2E7F0EE477AD4E7B2EC017A33
:10B32800013377EE877AD6E7D2ED007AD2ED016A5B
:10B3380037EEA67A013877EEC77A82ED007A77EE93
:10B34800A67AC2ED017A98E7D3ED007AD3ED016AC7
:10B3580037EEA67A013A77EEC77A83ED007A77EE70
:10B36800A67AC3ED017A8DE733ED017A013C77EED9
:10B37800877A8FE7F1EE666AB1EE477AC7ED006A21
:10B3880087ED017AF1EE677A90E700BF10EE103A88
:10B3980023F00043B3F1485FF0EE407A01D200F0A9
:10B3A8003DB860EE006A9FED167ADFED165A56EE4C
:10B3B800875A9FED157A05EEA67ADFED145A57EEF7
:10B3C800265A9FED137A20EE266A05EEA67A40B932
:10B3D800DFED105A56EE875A45EE867AB0EE670AC8
:10B3E800704726EE077AF6EE005A10EEA57A57EE69
:10B3F800260A9FED097A46EE470A30EE600A704742
:10B40800D3C92E2F342FD7321BEF3836010D5039C0
:10B418008988083CABAA2A3EABAA2ABE9FED057ACA
:10B42800F7EE007A77EE877A82B0CDED017A019B4C
:10B4380002B0704700008000024610EE100AC0F308
:10B44800C75320F0004183B9A9B3DFED1B7A1B492C
:10B4580060EE277A8A4217EE900AC0F3C753A3F129
:10B46800190307DAC00FFFF787BCFF2B02D130EEB4
:10B47800000A70474CF250318A4202DDC00FFFF7D4
:10B488008BBC1344FE2BF9DC002B06DD20F0FF40BB
:10B4980040EAC35300EE103A704713F1180FE1DB8E
:10B4A800193320F0FF4040EAC3509FED050A07EE2C
:10B4B800900A27EE800A70470000004CB03CFFFF5E
:10B4C8000000003310EE101AC1F3C7537F3B162B50
:10B4D80021F000401ADC002B0A4609DA00291BDAA1
:10B4E80000280E4B08BF4FF0004300EE103A70479B
:10B4F8000B4919411142FAD0002ABEBF4FF400008F
:10B5080040FA03F3D21822EA0103EEE7B0F1FF4F45
:10B51800EDD330EE000A70470023E6E7000080BF55
:10B52800FFFF7F0070470A2180FB010102F0CEBBBC
:10B5380070470020704720EAE0700A2180FB010173
:10B5480002F0C4BB08B5FBF715FF60220023F5F72E
:10B558003DFA08BD08B1F6F739B8704708B1F6F7F3
:10B5680065B9704708B1F6F773B9704728B1002379
:10B5780043618361C36100230362704728B10023DC
:10B588004360002380ED000A8360704708B1C0F86B
:10B598005411704708B1C0F85811704710B50446E7
:10B5A800E0B1D0F8580108B1FFF7C2FF94F8713044
:10B5B800033B012B12D994F96C307BB12046F6F786
:10B5C8003FFA84ED070AD4ED0C0AB0EE401A204683
:10B5D80094ED0D0ABDE81040F6F7FCBA10BD00EB7B
:10B5E800C100408840087047F8B50346FFF7F7FFE9
:10B5F800B0FA80F0C0F11F0003EB800CCA00DCF841
:10B608001060171D0C4606328DB256B9012101FA99
:10B6180000F0D9680143D960CCF81040DD539D5241
:10B62800F8BDF1000431585AD85303EBC0009E52BC
:10B63800C5805D52F4E7043A2DE9F041CC1D114470
:10B6480024F0070421F007010E1BF708B7FA87F268
:10B65800C2F12405AD004FF000080735C2F1200201
:10B66800ED0804604146A760C4F80C80920004F11C
:10B67800100002F023FD6B0043F00103638004EB2C
:10B68800C5027B1B5900A4F800805180A21924F838
:10B698003550A2F80280A35304EBC70329465A8801
:10B6A80042F001025A802046BDE8F041FFF79CBFF6
:10B6B8002DE9F04706460D46174698462BB398F8ED
:10B6C800004093F80190DB78A40004EB430498F859
:10B6D80002301C4444444FF0000ACA4509D3D8F844
:10B6E800042008F1080339463046AC46BDE8F04767
:10B6F800604714F8013B48F823402046F5F780F9E5
:10B70800013004440AF1010AE7E76FF01500BDE8CB
:10B71800F08770B5002502462846144614F8013B08
:10B728000BB9184609E098B18D4207D1702B04D0A7
:10B73800A3F140023A2A0BD8002070BDA3F14006BD
:10B748003A2E05D853780135941C002BE9D00020F7
:10B75800252B08BF80F001002246DEE70020704755
:10B768000FB407B504A951F8040B019100F039FB97
:10B7780003B05DF804EB04B0704710B503690246E6
:10B7880013F0080009D11368D4689C4297BF126A65
:10B79800E31AD31A01200B6010BD00231846FAE7FC
:10B7A80013B501A90446FFF7E8FF20B1019BE26841
:10B7B800013B13440193206A019BC01A013802B06F
:10B7C80010BD10B5044650182269236AD20702D565
:10B7D800013B184010BD984228BFC01AFAE710B5BF
:10B7E80004460A46C168FFF7ECFF2369E06023F0CE
:10B7F8000803236110BD38B50D46C2698B00016886
:10B8080043F0020342F82130044601682A46FFF754
:10B81800D8FFE36861682060984202BF236943F05B
:10B82800080323612A462046FFF7CBFF606038BD36
:10B838002DE9F74FC768C6699B4606EB8703009357
:10B8480016F8273003F00303022B04468846914676
:10B858004FF000030BD01360CBF8003023699B072F
:10B8680013D44FF0000A504603B0BDE8F08F56F8E5
:10B87800271013608908CBF80030EFD0FFF7AFFF2F
:10B88800E368A3604FF0010AEDE7A36900989847C1
:10B8980016F8272012F0010A0546E2D012F002023B
:10B8A8001FD0B8F1000F03D041462046FFF7A3FF91
:10B8B80061682A462046FFF784FFD4E902219142B5
:10B8C800606006D12A462046FFF77BFF4FF0000A4A
:10B8D800A060A2682260E260226942F00802226148
:10B8E800C1E7014620460192FFF779FFE368A360AC
:10B8F800B8F1000F04D02168E369019A43F82120C8
:10B9080005EB0802CBF8002021682046FFF759FF15
:10B918002369206043F00803236116F827306FF38A
:10B92800000306F82730009BC9F80030AAE770B575
:10B9380004461546FFF745FF2368834205D123696E
:10B94800216023F00803236170BDE269AB0043F076
:10B95800020342F82130204661682A46FFF731FF8A
:10B968006060F1E738B503695B07044606D5456AA8
:10B97800FFF716FF85422CBF6562606238BD38B597
:10B988000D4604461C22002102F098FBEB68A361D7
:10B99800AB6863612B68E3616B68236200226262B3
:10B9A8002A6923B1591E194208BF42F001022261D7
:10B9B800012204F128000021BDE8384002F076B8E1
:10B9C8002DE9F04F87B000250093036A03958B4259
:10B9D80004460E4692460595A94639D3EFF3118BD6
:10B9E800102383F31288BFF36F8F059AD8462AB1C4
:10B9F80029462046FFF79BFF0023059304A920460C
:10BA0800FFF7BBFE0499B14207462AD32268E369CF
:10BA180013F8221021F0030103F8221003EB820926
:10BA2800216832462046FFF7CCFEE3682060984242
:10BA380012D0002788F31188BFF36F8F039929B1BB
:10BA480062690AB12046904700230393002FC5D1AD
:10BA5800484607B0BDE8F08F236943F00803236127
:10BA6800E7E718B12046FFF7C6FEE3E7009B5AEA6E
:10BA780003021CD0019102F08DF80199B8B9BBF10D
:10BA8800000F14D187F31188BFF36F8F009B5246C4
:10BA980004F12800FCF7BCFDEFF31188102383F3B1
:10BAA8001288BFF36F8FB0FA80F77F09C2E705AB42
:10BAB80003AA20462568FFF7BBFE0746BAE770B51C
:10BAC8000446836908460D4698470246EFF31186F7
:10BAD800102383F31288BFF36F8F2B7843F0010391
:10BAE8002B7061682046FFF76CFE60602046FFF708
:10BAF80039FF86F31188BFF36F8F70BD2DE9F041D0
:10BB0800044610270020EFF3118687F31288BFF34D
:10BB18006F8F236913F0080FA36802D162689342FC
:10BB280000D9226AE169D21A5AB986F31188BFF39B
:10BB38006F8F18B104F12800FCF736FD4FF00008AC
:10BB480034E011F8232012F0030501EB8308ECD050
:10BB5800022D03D151F82350AD0805D1D00713D4D5
:10BB6800A369404698470546A1682A462046FFF73C
:10BB780028FE2946A0602046FFF731FE86F311888B
:10BB8800BFF36F8F0120BEE742F0020201F82320C5
:10BB98004046A369A5689847294602462046FFF70C
:10BBA80010FEA06086F31188BFF36F8F4046BDE892
:10BBB800F081F8B50446836908460D46984706465D
:10BBC800EFF31187102383F31288BFF36F8F2B785D
:10BBD8006FF300032B7023699B0705D5E268E369BF
:10BBE80003EB82039D421AD12B786FF341032B702C
:10BBF800D4E90231994204D132462046FFF7E1FDEB
:10BC0800A06031462046FFF7EAFD87F31188BFF3AD
:10BC18006F8F04F12800BDE8F840FCF7C5BC2B681D
:10BC280060F39F032B60F0E7EFF31181102383F398
:10BC38001288BFF36F8F036913F0080F836802D16E
:10BC48004268934200D9026AD31A81F31188BFF37C
:10BC58006F8F181E18BF0120704770B50C880646F4
:10BC68008888241A3069A4B2844285B224BF641B30
:10BC7800A4B22D1BA8B2984228BF184633682344A3
:10BC880013600B8803440B8070BD70B4838985886A
:10BC98000669ED1AADB2731B934228BF134670BCF8
:10BCA8000A46011DFFF7D9BF70B40E460146C58884
:10BCB80031F80A3FEC1AA3B2934228BF1346324622
:10BCC80070BCFFF7CABF10B54B880C88E41AA4B241
:10BCD80094420ED31A4492B28B884A800A80006933
:10BCE800D21A92B2824201D2002010BD03448B8046
:10BCF800FAE76FF01500F8E72DE9F34106460F461D
:10BD080015464FF000082A4601A93046FFF7BDFF47
:10BD1800044640B102463946019802F0C1F92D1B8C
:10BD2800A0442744EFD14246311D3046FFF7CBFFF0
:10BD3800404602B0BDE8F0812DE9F34107460E46C2
:10BD480015464FF000082A4601A93846FFF7ACFF10
:10BD5800044648B12EB102460199304602F0A0F9D6
:10BD680026442D1BA044EED1424607F10A0138466D
:10BD7800FFF7A9FF404602B0BDE8F081704782B0E6
:10BD88000A210190019820EAE07080FB010102B0CD
:10BD980001F09CBF03785B075FBF03684288C3F369
:10BDA8004A2303EB12105DBF173020F0070080080C
:10BDB80000207047002070470346BFF35B8F53E8AD
:10BDC800000F421C43E800210029F8D1BFF35B8F24
:10BDD800704708B502F00FF80A220023F4F7F6FDC1
:10BDE80008BD1FB50023CDE90201CDE900331A468D
:10BDF80019461846F7F720F805B05DF804FB01204E
:10BE0800F6F7CEBD002070474368DA7143681960C1
:10BE1800436801225A71F6F7B5BD70B515460C4650
:10BE280069B1D2E901369B1B99420AD813680A46C0
:10BE38000146981902F034F9AB682344AB602046F8
:10BE480070BD6FF01B00FBE770B50E46154619462E
:10BE5800044618B9BDE87040F6F7A2BD33B1C2F385
:10BE68004A231030120D184402F01AF9C4E900569A
:10BE78002046BDE87040F6F73BBF2DE9F3415F1C53
:10BE88004FEA8708064608F1170020F007008008E7
:10BE98000C461546F6F706FE0023ADF805308DF87A
:10BEA80007308DF8047068B10346019A43F8102FE3
:10BEB800A8F104012A46294452F8045B43F8045FB8
:10BEC8008A42F9D1A20102F4E07242EA482222F041
:10BED8007F4222F47002002322F03F02314602B072
:10BEE800BDE8F041FFF7B0BF07B50123019201AAF1
:10BEF800FFF7C3FF03B05DF804FB07B5CDE90023E6
:10BF080002236A46FFF7B9FF03B05DF804FB1FB5CB
:10BF1800CDE90123069B039301AA0323FFF7ADFF95
:10BF280005B05DF804FBF8B506460D4614461F46F5
:10BF380004B9F8BD214628463A46B047241A0544B4
:10BF4800F6E710B5426881680446D2E90023006824
:10BF5800FFF7E9FF636800221A6010BD38B54B6827
:10BF68001A68CB689A4205460C4602D10846FFF784
:10BF7800E8FF6368BFF35B8F53E8002F511C43E869
:10BF880000100028F8D1BFF35B8FA3689D540020F0
:10BF980038BD0A2838B504460D4602D10D20FFF7F2
:10BFA800DDFF29462046FFF7D9FF002038BD2DE9DF
:10BFB800F043054687B008460E8891F80090D1F8FE
:10BFC80008800C461746F6F787FF011EC6F382164F
:10BFD800C9F3C2091EDB4846F6F79CFE0346214614
:10BFE800608851F8102B0196C2F34A22002A01EB0F
:10BFF8000204C0F30B1008BF00210022CDE904079A
:10C00800CDE90214009241462846F6F791FF07B0A1
:10C01800BDE8F0830023E2E743681B685B68002003
:10C028001961704743681B681A6852685360704703
:10C038002DE9F04143681B685A68012111751D6894
:10C04800D5E90136D3E900482F681CB96B681C6034
:10C05800BDE8F081214630464246B847241A0644D6
:10C06800F3E743681B681868F7F7CEB870B54368FC
:10C078001D686B6818690C46F6F76EFC2146034686
:10C088000F222868BDE870401847FFF736BF10F048
:10C09800700F00F07F0201D0F7F7E4B910F0800FBD
:10C0A80018BF1032012090407047006840B150F826
:10C0B800043C5B688B42A0F1040001D04068F5E7BE
:10C0C8007047006850B150F8043C5B685B689B7827
:10C0D8008B42A0F1040001D04068F3E7704730B507
:10C0E800006888B150F8043C5B681A6A1D7F043800
:10C0F8000023043ADCB2A54201D84068F1E70133D5
:10C1080012F833408C42F5D130BD08B5F7F73CFF43
:10C1180028B1406810F1100F14BF0020012008BD9D
:10C128004B1CDBB28170817680F82530C37600F82D
:10C13800061C704750E90231D0F89C001847036983
:10C14800002283F84A207047036993F84A0050B1E7
:10C1580093F8480038B1D3F89020938891891069F2
:10C168005B1A9BB2C01A70470369002283F84B2000
:10C178007047036993F8490008B193F84B0070477A
:10C1880008B50246FFF7F5FF30B91046FFF7DCFFA8
:10C19800003818BF012008BD0120FCE70369C3E986
:10C1A800001270470229036908D004290BD001291D
:10C1B8000ED1D3F8943013600020704793F89B3069
:10C1C800C3F34003F7E793F89B3003F00103F2E76A
:10C1D8006FF085007047CB7902690BB1012B03D151
:10C1E80082F8A130002070476FF08500704710B5C5
:10C1F8000369D3F894200A6093F898206AB1012A59
:10C208000CBF022203224A7193F89920501E03287A
:10C2180005D8DFE800F0050505050122F3E700224F
:10C228000A7193F89A20062A0BD0072A0BD0052A00
:10C238000CBF002203228A7193F8A130CB71002031
:10C2480010BD0122F7E70222F5E708B54029036986
:10C258003DD013D8102931D006D801291ED008297D
:10C2680020D06FF0120008BD2029FAD193F89C1055
:10C2780001F0FB01EAB141F004011AE0B1F5807F59
:10C288002ED0B1F5007F34D08029EAD193F89C10E4
:10C2980001F0EF016AB141F010010AE0C3F89420FF
:10C2A8000020E0E793F89C1001F0FE010AB141F08C
:10C2B800010183F89C10F8F70DF9F1E793F89C1049
:10C2C80001F0FD01002AF4D041F00201F1E793F8F2
:10C2D8009C1001F0F701002AEBD041F00801E8E7D3
:10C2E80093F89C1001F0DF01002AE2D041F0200110
:10C2F800DFE793F89C1001F0BF01002AD9D041F084
:10C308004001D6E770B504690546D4F88C00FFF7FC
:10C3180013FD94F8A0300646B3B1D4F88C20938866
:10C32800918912695B1A9BB2D31A3F2B0CD994F8E6
:10C338009E3033B16B681B6A2246187B0021F8F7E0
:10C3480069F9002384F8A030304670BD08B5012291
:10C35800FFF7D8FF013818BF4FF0FF3008BD02695A
:10C36800D2F8901088898B8809691B1A9BB2994268
:10C3780004BF002382F84830D2F88C30D9885B8912
:10C38800994204BF002382F849300120704701F028
:10C3980095BE01F085BE01460068F8F7F9B908B501
:10C3A800F8F786FABDE80840F8F7A6BA0A46012168
:10C3B800FFF79ABD00210120F8F7EAB9F8F742BE65
:10C3C80061B662B680F31188BFF36F8F704772B69B
:10C3D800002383F31188BFF36F8FBFF34F8F30BFF4
:10C3E80062B6BFF36F8F7047202809D9B0F1004FAC
:10C3F80008D80138B0FA80F0C0F11F00400070473B
:10C40800082070473E20704708B5D1E904319847A5
:10C41800002008BD08B5F9F733F8002008BD08B5B5
:10C42800062201210020F9F7AFF800221146062064
:10C43800F8F75CFD012108460722F9F7A5F8002264
:10C4480011460720F8F752FD082201210220F9F7CA
:10C458009BF8002211460820F8F748FD092201211F
:10C468000320F9F791F8002211460920F8F73EFD5C
:10C478000A2201210420F9F787F8002211460A2030
:10C48800F8F734FD052108461722F9F77DF8002250
:10C4980011461720F8F72AFD282206210A20F9F765
:10C4A80073F8002211462820F8F720FD002008BD67
:10C4B80001F01F0101208840704700F00302043298
:10C4C80092000F23934043EA900010B5C3B29B003B
:10C4D80003F1804303F59C33020C9C6892FAA2F2A4
:10C4E800B2FA82F224EA104091400143996010BDEB
:10C4F80013460A460121FFF700BD0A460121FFF74E
:10C50800F3BC10B50C46F9F701F910B184600020AE
:10C5180010BD6FF01500FBE710B504460078F9F779
:10C52800F5F858B1638803802379032B06D8DFE830
:10C5380003F0020202020371002010BD6FF0150023
:10C54800FBE710B50C46F9F7E1F820B11CB14379C7
:10C558002370002010BD6FF01500FBE710B50446EE
:10C56800F9F760FB10B16FF0150010BD2046F9F720
:10C57800A1FB0028F9D0F6E708B5F9F7C7F808B124
:10C58800008808BD6FF01500FBE770B501F07F0467
:10C598002046F9F7BBF8054600F10C012046F9F7EB
:10C5A80007FA00232B61AB6823B120460121BDE8BF
:10C5B8007040184770BD70B541F080042046F9F707
:10C5C800A5F805461430FBF7EFFFAB6823B120460A
:10C5D8000221BDE87040184770BD08B541F08000E1
:10C5E800F9F794F8BDE808401430FBF7DDBF0B8875
:10C5F800C3F30B0303F57D62C2F30B02782A82B002
:10C6080014D803F1804303F50E3348681A680243CF
:10C618001A600B88C3F30B0303F1804303F50E3351
:10C6280000201B680193019B02B070476FF08500E2
:10C63800FAE70B88C3F30B0303F57D62C2F30B0221
:10C64800782A9FBF03F1804303F50E3349681A68BF
:10C658009DBF8A4300201A606FF08500704738B587
:10C668000888C0F30B00F9F739FC002822DB48687A
:10C67800FF281ED082B2C0F3415502F1804202F574
:10C688000E3201350123AB401468C0F30440013B6E
:10C69800834024EA0303136049688BB203F18043A3
:10C6A80003F50E330A0E1868C1F304418A400243A9
:10C6B8001A60002038BD0888C0F30B0008B500F5E3
:10C6C8007D63C3F30B03782B0AD800F1804000F593
:10C6D8000E304B680268934314BF0120022008BD46
:10C6E800F9F7FCFB002814BF01200220F7E7704788
:10C6F80043685B681B690B600020704743685B6890
:10C70800586942400A4042405A61002070474368D5
:10C718005B6800209961704743685B680904996108
:10C728000020704743685B685A695140596100208E
:10C73800704710B503699868F8B1884219D1DC6868
:10C7480008689860A14200D1D860002008602AB12A
:10C758009A680A60DA68996002B9D960002010E026
:10C76800814206D108682060D8688142EDD1DC603A
:10C77800EBE7044600680028F2D1002AE8D16FF000
:10C78800150010BDF0B544680120676888401E4652
:10C79800C2F3801327EA00078B403B43636090FA9B
:10C7A800A0F7B7FA87F7D4F808C04FF0030E7F0058
:10C7B8000EFA07F72CEA070C90FAA0F7B7FA87F7F2
:10C7C800C2F3C1137F00BB4043EA0C03A36090FA95
:10C7D800A0F3B3FA83F3E7685B000EFA03F327EAE2
:10C7E800030790FAA0F3B3FA83F302F030055B0075
:10C7F800C2F341229A403A43202DE26016D107291C
:10C808002BD890FAA0F3226A2BB3B3FA83F39B00D8
:10C818000F2101FA03F322EA030290FAA0F3B3FA14
:10C8280083F39B0006FA03F31343236290FAA0F301
:10C83800B3FA83F3226890FAA0F05B000321B0FA00
:10C8480080F02D0901FA03F3400022EA0303854032
:10C858001D432560F0BD2B46D9E7030A616A93FAA8
:10C86800A3F282B1B2FA82F292000F2793FAA3F3ED
:10C87800B3FA83F307FA02F29B0021EA02029E4010
:10C8880016436662D2E72A46EEE712F4003CF8B592
:10C8980005460C4613461DD0960714D550075DD59E
:10C8A8005022D90611D542F4007203F4C061B1F5E3
:10C8B800806F42D0B1F5C06F19D0B1F5007F18D1A3
:10C8C80042F0800215E01022EBE79F06EDD542F416
:10C8D8008062EAE7D60305D5D00605D4C2F3401234
:10C8E8009202E2E73022E0E74FF40072DDE742F41B
:10C8F800C07213F440372E6908D0306920FA04F169
:10C90800C9075FBF0121A14001433161BCF1000F9C
:10C9180006D0180314D5696801234968A3408B61C0
:10C92800686800232146FFF72DFF27B9336923FAEA
:10C9380004F2D2070CD40020F8BD42F48072D8E784
:10C948005903EDD50121A1402846FFF7E5FEE7E7A9
:10C958000122A24023EA02033361ECE76FF085006D
:10C96800EAE770B50B468968054611B15E680C6840
:10C9780001B970BD8A682A4002D04B683046984792
:10C988001CB1236821461C46F2E72346FAE7F8B5AE
:10C998001F46044640680E461546FFF7F3FE112F62
:10C9A80007D101212B0501FA06F104D563685B68FC
:10C9B80099610020F8BD2046FFF7AEFEF9E730B5D3
:10C9C800036813600579046804EBC504A34202D325
:10C9D8006FF0010030BD5C798C4201D00833F0E77C
:10C9E8000020F7E74163704781637047C163704770
:10C9F800016470474168036949681B680020013178
:10CA0800B3FBF1F3C2E9003070474368C1F34B1040
:10CA18001B6801F01F01C05801238B40034214BF5B
:10CA28000123002313700020704710B54368C1F339
:10CA38004B101A6801F01F01845801238B402343CF
:10CA48008350002010BD10B54368C1F34B1418681B
:10CA580001F01F01235801228A4023EA02032350D0
:10CA6800002010BD38B504460D46FFF7DEFF294605
:10CA78002046FFF7E8FF002038BD82B00368019325
:10CA8800019B43680193019B02B0704708B5436856
:10CA9800186802680368D9070368C2F3C00248BF70
:10CAA80042F002029B07036848BF42F0040259079C
:10CAB800036848BF42F02002DB0542BF6FF4807371
:10CAC80042F008020360D10701D5FFF7D6FF9307AC
:10CAD80001D5FFF7D2FF510701D5FFF7CEFF930627
:10CAE80001D5FFF7CAFF104608BD43681A6802F16E
:10CAF8000C0353E8003F43F0400302F10C0040E808
:10CB080000310029F3D1704743681A6802F10C0319
:10CB180053E8003F23F0400302F10C0040E80031E5
:10CB28000029F3D1704743681B68186810F080002B
:10CB38001CBFD868C0F38010704743681B6818682A
:10CB4800C0F38010704743681A6802F10C0353E879
:10CB5800003F43F0200302F10C0040E800310029B7
:10CB6800F3D1704743681A6802F10C0353E8003F99
:10CB780023F0200302F10C0040E800310029F3D132
:10CB8800704743681B681868C0F3401070474368D3
:10CB98001B681A68910602D5DA68920607D41868E5
:10CBA80010F0400004D0D868C0F38010704701200E
:10CBB8007047012070470369C3E901127047026991
:10CBC80053680BB191681847704708B500222520B3
:10CBD8001146F8F78BF9BDE808402520F8F764B945
:10CBE80010B543681B6810201A681206FCD5EFF3CD
:10CBF800118280F31288BFF36F8F1C68240604D457
:10CC080082F31188BFF36F8FEEE7596082F31188C2
:10CC1800BFF36F8F10BD08B54368186803681A071B
:10CC280001D5FFF72AFF03689B0643BF43680B70D3
:10CC380000204FF0FF3008BD03691B681B680B60BC
:10CC480043681B68DB6803F4C063B3F5806F2FD0BB
:10CC5800A3F5C06CDCF1000343EB0C030B714368D4
:10CC68001B681B6903F44053B3F5805F22D0B3F50A
:10CC7800405F21D0002B0CBF012303234B71436875
:10CC88001B68DA68DB68D20403F4C06316D5002B8E
:10CC980014BF032304238B7143681B685B6903F487
:10CCA8004073A3F5407253425341CB710020704743
:10CCB8000223D3E70023E1E70223DFE7002B14BFB9
:10CCC80002230323E7E710B543681868C468C368FC
:10CCD80014F4805403D013F4C06F12D00024131B33
:10CCE800002B02DD03689B0601D4204610BD436873
:10CCF8000B5503681B0704F10104F0D5FFF7BDFECF
:10CD0800EDE76FF08504F0E730B543681B68DC6831
:10CD1800D868E40402D510F4C06F1AD0186810F06F
:10CD280080000ED0EFF31184102080F31288BFF337
:10CD38006F8F0020151A002D04DC84F31188BFF3CF
:10CD48006F8F30BD1D682D06F7D50D5C5D60013015
:10CD5800F0E76FF08500F4E730B50446086808B9D5
:10CD6800106008E0206845689D4205D3B5FBF3F5DF
:10CD780015602368186830BD0830206008680138DD
:10CD88000860EBE7036823F04003036003685B0671
:10CD9800FCD47047C0F34510082804D910288CBF6C
:10CDA8000420022070470120704738B50B680546FB
:10CDB8009888FFF7EFFF01280C4603461DD1496C00
:10CDC800C9B1A26C02B10A78D2B22A73A26C8AB134
:10CDD800013AA264EAB9626B08326263A26B013A53
:10CDE800A26304F1380104F1480204F13400FFF7AA
:10CDF800B3FF606438BD0A46E6E70228E6D1496C0D
:10CE080029B1A26C02B10A8892B2AA81DEE70A4669
:10CE1800FAE7626C002AEDD01A446264EAE710B5BA
:10CE28000B6802469888FFF7B5FF01280C460346B1
:10CE3800096D1AD1127BE06CD2B208B101B102704F
:10CE4800226D8AB1013A2265CAB9E26B0832E263FF
:10CE5800226C013A226404F1400104F1500204F109
:10CE68003C00FFF779FFE06410BD0228E8D1D068E4
:10CE7800E26C002AE4D00029E2D01080E0E7E26CFE
:10CE8800002AF1D01A44E264EEE708B52320002214
:10CE98000521F8F72BF8BDE808402320F8F704B877
:10CEA80013B5406801AA0C46FFF789FD002805DB89
:10CEB800019B002219791868F9F7A6F9012C02D10B
:10CEC800831C08BF002002B010BD03460A46006854
:10CED8001979012303FA01F103691B68194218BF84
:10CEE80082F0010212B18368DB68184783681B6906
:10CEF800FBE710B5036804464BB11A7D3AB11869CF
:10CF080000F088FD206800210830FFF7DEFFA369E4
:10CF180033B9636004F11000BDE81040FBF744BB6F
:10CF280010BD10B544680069FFF7E3FF2068FFF7FC
:10CF380029FF002010BD2DE9F341436806691C68EC
:10CF4800636823F080036360636823F040036360D1
:10CF5800636823F020036360236803F48273B3F5E6
:10CF6800827F02460F4623D1A36818060CD5236892
:10CF7800590609D5236803F44443B3F5004FF3D1A8
:10CF88002046FFF7FFFEEFE7D2F81080D8F8002020
:10CF980072B1137D63B1938813F4805508D1106979
:10CFA80000F038FDD8F8000029460830FFF78DFF5B
:10CFB800A3689A0606D5A3680193019B236823F00A
:10CFC8004003236033689B88DB0402D42046FFF7C4
:10CFD800D9FE376306F1200002B0BDE8F041FBF747
:10CFE800E3BA2DE9F843476804693B7ED7F8009017
:10CFF800DD07064603D5D9F80030580678D54846E7
:10D00800F9F7D2FD014620B13046BDE8F843FFF7F5
:10D0180092BFA36C0BB9226DBAB122683D689288A1
:10D02800D10742D43B7E13F0010F2B6803F4444828
:10D0380025D0B8F5404F12D1AB689A071AD4386892
:10D04800F9F7B2FD01460028DED1D9F8003013F413
:10D05800444343D1A36C002B4AD1236D42E0AB6813
:10D06800DB0703D521462846FFF7D9FEB8F5004F60
:10D07800E2D1E4E721462846FFF797FEDFE7B8F557
:10D08800004F07D138688368D907FCD52146FFF7D8
:10D09800C6FED4E7AB689807FCD521462846FFF7BB
:10D0A80084FEB8F5404FCAD0ECE7AA68920710D5BD
:10D0B8007BB121462846FFF778FEAB68DB07BED573
:10D0C800E36C002BBBD0236D002BB8D0214628463B
:10D0D800DDE76B6823F080036B60EEE7B3F5404F44
:10D0E80003D1A36C23B900218EE7B3F5004FB4D068
:10D0F800BDE8F8837047F7B5044610B390F8953447
:10D10800056803F0FF021BB980F89424FFF7F2FFCB
:10D118000323B5F1A04F84F8953404BF0023A3710D
:10D12800206800F069FA237C8DF80030251D95E809
:10D138000E00206800F016FA014630B1022384F888
:10D1480095340125284603B0F0BD206800F05AFA4E
:10D158000028F3D1267904F1140301270246C1B24D
:10D168008E4203F124031BD8002104F515730A46E7
:10D17800C8B2864203F1240320D8237C8DF80030FE
:10D1880095E80E002068FAF7F5FC05460028D5D189
:10D1980001236074206884F8953400F0EBFBD1E734
:10D1A80023F80A0C43E9072203F8237C03F8241C1C
:10D1B80003F8202C43F8142C0130D0E743E9072268
:10D1C80003F8232C03F8240C03F8202C43F8142C20
:10D1D8000131CDE710B590F894240368012A04467C
:10D1E80016D0012280F89424DA68520606D5427BCC
:10D1F800012A02BF9A6B42F480329A63206800F0D9
:10D20800F5F9206800F0A8FB002084F8940410BD0C
:10D218000220FCE738B590F89434012B04461BD063
:10D228000568012380F89434284600F0E5F9206861
:10D2380000F0A0FB2068102100F014FAEB685B06F0
:10D2480006D5637B012B02BFAB6B23F48033AB6342
:10D25800002084F8940438BD0220FCE7704770472A
:10D2680010B590F89424012A04460AD0012280F8C7
:10D2780094244174006800F05FFB002084F8940453
:10D2880010BD0220FCE770B501F00F0606EBC604DE
:10D2980011F0800F05464FEA84044FF0240020D097
:10D2A80000FB065004F11401012429444475C2F31B
:10D2B8000A028A604A780E700B7102B14E83022B03
:10D2C80004BF00234B7195F89434012B12D001232D
:10D2D800286885F8943400F01BFA002085F8940437
:10D2E80070BD00FB065004F515710024294480F830
:10D2F8005542DCE70220F3E710B5044601F00F00C1
:10D3080000EBC00311F0800F4FEA83034FF02402B3
:10D3180015D002FB004203F1140101232144537587
:10D32800087094F89434012B12D00123206884F8F3
:10D338009434FAF7E3FC002084F8940410BD02FB4F
:10D34800004203F515710023214482F85532E7E7BE
:10D358000220F3E770B501F00F05242404FB050152
:10D3680004FB0504C4E998230023C4F8683284F850
:10D37800553284F8545216468279012A08BFC4F8F7
:10D38800706201F515710068FAF718FD002070BD8C
:10D3980001F00F01242303FB0100D0F86802704755
:10D3A80070B501F00F05242404FB050104FB0504F6
:10D3B800C4E908230023A362012363752575164673
:10D3C80082799A4208BF266314310068FAF7F6FC9E
:10D3D800002070BD38B5037901F00F05AB42044653
:10D3E8002BD311F0800F4FF024001DD000FB054116
:10D3F80000FB054001231431437501238B700D7028
:10D4080094F894249A421AD0206884F8943400F04E
:10D418003FFA2DB9A179206804F29C42FAF7B6FDCB
:10D42800002084F8940438BD00FB01431A4603F534
:10D438001571002382F85532DFE70120F3E7022057
:10D44800F1E738B5037901F00F029342044629D376
:10D4580002EBC20311F0800F4FEA83034FF0240060
:10D4680017D000FB024003F1140101232144437546
:10D4780000258D700A7094F89434012B14D0012380
:10D48800206884F8943400F02EFA84F894542846DE
:10D4980038BD00FB024003F515710023214480F8D4
:10D4A8005532E5E70120F3E70220F1E701F00F0329
:10D4B80003EBC3030A064FEA83034CBF03F11401CD
:10D4C80003F515710144006800F061B970B503688F
:10D4D8001204586A19B902439A62002070BD9C6A06
:10D4E8004E1E00EB14400024B44205D33F3103EB39
:10D4F800810302435A60F0E704F1400503EB850518
:10D5080001346D6800EB1540EEE7036800205962AE
:10D518007047704782B0002302460193019B013394
:10D528000193019BB3F1706F1AD81369002BF5DAD8
:10D538000A230193019B83B9136943F00103136123
:10D54800019B01330193019BB3F1706F08D81069F7
:10D5580010F00100F4D102B07047019B013BE8E7ED
:10D568000320F8E784B038B505AD85E80E009DF8CE
:10D578001930012B044627D1836B23F4803383634E
:10D58800C36823F4840323F04003C360C36823F40F
:10D598004013C3609DF82030012B02BFC36843F4D9
:10D5A8008013C360FFF7B6FF9DF81630012B07D133
:10D5B800A36843F00603A360A36843F02003A360B5
:10D5C800BDE8384004B07047C36843F04003C36007
:10D5D800FFF7A0FF9DF81D3023B9A36B43F48033F8
:10D5E800A363E1E7A36B23F48033F9E7836843F08F
:10D5F8000103836000207047836823F00103836080
:10D608000020704738B5C368012923F0C043054698
:10D618000C46C36014D1C36843F00053C3600024B0
:10D628000A20FEF7ACFB6B69D90704F10A0402D49F
:10D63800C82CF5D1C824A4F1C8035842584138BDB4
:10D6480071B9C36843F08043C3600A20FEF797FBB3
:10D658006B69DA0704F10A04EDD5C82CF5D1E9E7BE
:10D668000120ECE782B0002302460193019B0133BD
:10D678000193019BB3F1706F15D81369002BF5DA8C
:10D688008901002341F0200101931161019B0133BD
:10D698000193019BB3F1706F05D8106910F0200059
:10D6A800F4D102B070470320FBE782B000230246A2
:10D6B8000193019B01330193019BB3F1706F13D860
:10D6C8001369002BF5DA0023019310231361019BE2
:10D6D80001330193019BB3F1706F05D8106910F005
:10D6E8001000F4D102B070470320FBE7D0F80038EF
:10D6F8001943C0F8001800207047D0F8083813F014
:10D70800060004D013F0020F14BF02200F20704748
:10D7180030B50C78012204F00F05AA404D78012D90
:10D7280000F5006300EB441019D1DD692A43DA6182
:10D73800D0F800391A0410D48A68D0F80059C2F316
:10D748000A030A792B4343EA824343EA845343F0AA
:10D75800805343F40043C0F80039002030BDDC6931
:10D7680044EA0242DA61D0F8003B1B04F5D48B6826
:10D77800D0F8002BC3F30A0313430A7943EA824320
:10D7880043F0805343F40043C0F8003BE5E713B58A
:10D7980000234A7801930B78012A4FEA431324D1D6
:10D7A80000F510601A58002A02DB002002B010BDF4
:10D7B8001A5842F000621A500B78202414FB030315
:10D7C8001A6842F080421A6042F21072019B0133DB
:10D7D8000193019B934201D90120E7E70B7814FBE1
:10D7E80003031B68002BF1DBDFE700F530601A58F4
:10D7F800002ADADA1A5842F000621A500B7820240C
:10D8080014FB03031A6842F080421A6042F2107255
:10D81800019B01330193019B9342DDD80B7814FBE4
:10D8280003031B68002BF3DBBFE710B59DF8084026
:10D8380044B9033301329B0800EB023001EB830348
:10D848008B4201D1002010BD51F8042B0260F7E78C
:10D85800034670B50020940803F5805502F00302D2
:10D86800A04210D301EB840062B103F580531C6819
:10D878000023D90024FA01F1C154013399B28A4234
:10D88800F7D1104470BD2E6841F820600130E7E7F9
:10D898004A780B78012A00EB431012D1D0F80029FE
:10D8A800002A06DB2BB1D0F8003923F08043C0F8FA
:10D8B8000039D0F8003943F40013C0F800390020CB
:10D8C8007047D0F8002B002A06DB2BB1D0F8003BBC
:10D8D80023F08043C0F8003BD0F8003B43F400132A
:10D8E800C0F8003BEBE70B7800EB43104B78012BBB
:10D8F80011D1D0F8003923F40013C0F800390B799E
:10D90800023B012B05D8D0F8003943F08053C0F80A
:10D91800003900207047D0F8003B23F40013C0F80A
:10D92800003B0B79023B012B9EBFD0F8003B43F034
:10D938008053C0F8003BECE7D0F8003823F4FE63CE
:10D94800C0F80038D0F80038090101F4FE61194325
:10D95800C0F8001800207047D0F8003E23F00303F9
:10D96800C0F8003ED0F8043823F00203C0F80438A9
:10D9780000207047D0F8003E23F00303C0F8003EB3
:10D98800D0F8043843F00203C0F804380020704788
:10D998004269806910407047D0F8183800F5006077
:10D9A800C0691840000C7047D0F8183800F50060BE
:10D9B800C069184080B2704700EB411100F5006063
:10D9C800D1F8082B406910407047D0F81028D0F8DB
:10D9D800343800EB411001F00F01CB4000F5106026
:10D9E800DB018068DBB2134318407047406900F0E0
:10D9F80001007047D0F8003923F4FF6323F00703D0
:10DA0800C0F80039D0F8043843F48073C0F80438FB
:10DA18000020704738B5044648B1F9F797FC6023F1
:10DA280005465C43F9F792FC431BA342FAD338BD81
:10DA380010B5436904463BB90020E268537843F0C7
:10DA480001035370404210BD98470028F4D00028C5
:10DA5800B8BF4042E368FF28A8BFFF201870ECE772
:10DA680040B1C368587810F001001EBF1878B0FAAA
:10DA780080F040097047EFF31183102383F3128875
:10DA8800BFF36F8FFEE708B51024EFF3118384F31B
:10DA98001288BFF36F8FFEF79AFCF6E790F90E3005
:10DAA8008B4201D0FBF7B6B8002070473AB18A42E2
:10DAB80005D3C0E90212C0E90000002070476FF0EA
:10DAC80015007047026801238B4022EA03030360B4
:10DAD80022FA01F000F00100704720B1002211463F
:10DAE800CC3000F023B9704773B50446EFF31185C5
:10DAF800102383F31288BFF36F8F0023A0F1100661
:10DB0800032104380193FFF7DDFF28B1A3690193CE
:10DB180001A93046FAF748FE85F31188BFF36F8FE5
:10DB280002B070BD38B504460D461022002100F041
:10DB3800C5FA656038BD13B501900846EFF3118446
:10DB4800102383F31288BFF36F8F01A9FAF72CFE15
:10DB580084F31188BFF36F8F02B010BD10B5FFF7C3
:10DB6800EAFF041E08DDEFF31180102383F3128807
:10DB7800BFF36F8FFBF7D2F8204610BD38B53022BF
:10DB880004460D46002100F099FA4FF48073656051
:10DB9800E36038BDEFF30580003818BF01207047F7
:10DBA8006FF05700704700207047D0E900321360CB
:10DBB8005A600023C0E90033704708B5FFF7F5FF46
:10DBC800037C23F0020303740023836008BD38B587
:10DBD80004460D46FAF78CFF237C43F002032374B6
:10DBE800E5B1A5602B689D4209D16B68C4E9005373
:10DBF8001C606C6012E06A689A42F6D01B68002BC1
:10DC0800F3D094F90E2093F90E108A42F3D0914282
:10DC1800F1DD5A68C4E9003214605C6038BD10B5A3
:10DC2800EFF31184102383F31288BFF36F8FFAF791
:10DC38001DFF84F31188BFF36F8F10BD08B5EFF394
:10DC48001181102282F31288BFF36F8F83680BB1A2
:10DC5800FFF7B3FF81F31188BFF36F8F08BD10B5CD
:10DC68000146EFF31184102383F31288BFF36F8FFB
:10DC7800037C13F0280F0AD183680BB1FFF79DFFCF
:10DC88000B7C23F004030B740846FAF7EFFE84F3C9
:10DC98001188BFF36F8F10BD01211838FFF7DFBF60
:10DCA80008B50346EFF31181102282F31288BFF3FF
:10DCB8006F8F0068834207D008B1FFF77EFF81F3BA
:10DCC8001188BFF36F8F08BD0020F8E738B5044608
:10DCD8000D46FBF7CBF8B5F1FF3F08BFB4F1FF3FA6
:10DCE8000346204610D013F109004FEAE37141F1D1
:10DCF80000010A220023F2F769FEB0F1004F71F12A
:10DD0800000128BF6FF0004038BDC117633008B567
:10DD18004FF064024FF0000341F10001F2F756FEA4
:10DD2800C117FBF7A3F86423584308BD38B5EFF3D0
:10DD38001185102383F31288BFF36F8F0468A04204
:10DD480012D09CB1A16762612046FFF736FF04F14B
:10DD5800180000F024F82046FAF788FE012085F321
:10DD68001188BFF36F8F38BD0020F8E72046F6E72B
:10DD780008B50246FBF714FA70B1D0E904319B1AD2
:10DD880061EBE272B3F1004F72F1000104DA002A8C
:10DD9800ACBF1846002008BD6FF00040FBE738B55F
:10DDA8000246EFF31185102383F31288BFF36F8FB8
:10DDB8000368CBB1FBF7F4F904461046FBF702FA07
:10DDC80000224FF000438442C0E9042306D1FBF748
:10DDD800EFF9FFF7CDFF0021F9F71EFA002085F3D0
:10DDE8001188BFF36F8F38BD6FF01500F7E708B5DE
:10DDF800FBF7EEFA08BDFBF7EBBA0023C0E90812FF
:10DE080000F11802C0E90622C0E900330363436346
:10DE1800704710B50446FFF7C2FFA8B9636A0BB193
:10DE28002046984704F11800FFF73AFF60B1FFF762
:10DE3800F6FEEFF31180102383F31288BFF36F8F80
:10DE4800BDE81040FAF76ABF10BD10B5024601449C
:10DE58008A42134603D01C780132002CF8D1181AD4
:10DE680010BD2DE9F047C3F13709074688465FFA28
:10DE780089F903F01F0516464FF0000A3846414657
:10DE88002A465346F2F7A2FDD4B2092C88BF4C4467
:10DE98003A46434688BFE4B2AA4204F1300473EB21
:10DEA8000A0306F8014B07468846E7D23046BDE824
:10DEB800F0872DE9F04F89B00618994604AB41EB7D
:10DEC8000104009315463046D2E900232146DDF8C7
:10DED8004CB000F0ABF806AB0093D5E90223074637
:10DEE80088463046214600F0A1F8DDE9046384192C
:10DEF80051EB0306069BD5E900014FF0000228BF4D
:10DF08000122D218079B43F10003381848EB01019E
:10DF1800B84271EB0801E9680391A96834BF012090
:10DF2800002014EB010C039946EB010110EB0C00E7
:10DF380041F10001A04271EB060C34BF4FF0010C17
:10DF48004FF0000CCDE90623A9F1410A1CEB0202AF
:10DF580043F10003CDF800A000F083F8129BC3E959
:10DF68000001149B012BDDE9062329D1D5E9020123
:10DF7800D5E900C5201A66EB0101674578EB050570
:10DF880034BF01250025401B61F10001844276EB76
:10DF9800010534BF01250025521BCDF800A063F10F
:10DFA800000300F05EF8DDE90623CBE90001CDF8B7
:10DFB80000A02046314600F054F809B0BDE8F08FC3
:10DFC80017EB070E48EB080C201946EB0601BE4577
:10DFD8007CEB080834BF01270027C71941F1000866
:10DFE800D5E9000186457CEB010CD5E9021534BF63
:10DFF80001200020381A68F1000C401A6CEB05016A
:10E0080092185B41A74278EB060534BF012500252D
:10E01800521943F10003874278EB010834BF012508
:10E028000025521BA9F140050095B8E7F0B50F4649
:10E038000446A0FB0201A7FB02524919A3FB0445B1
:10E0480042F10002A7FB0373611845F10004D219DD
:10E05800059E43F10003121943F10003C6E90023AA
:10E06800F0BDF0B5059CC4F14007C4F1200602FAE2
:10E0780006F6A4F12005BB4022FA05F53343C4F1A6
:10E0880020062B4301FA06F6A4F12005E04021FA08
:10E0980005F53043BA402843E14010431943F0BD29
:10E0A8000A44914200F1FF3300D1704710B511F8CE
:10E0B800014B03F8014F9142F9D110BD02440346C8
:10E0C800934200D1704703F8011BF9E72DE9F04F9F
:10E0D80055EC104BA446C5F30A54034644EA0C0712
:10E0E80008462946C5F31305302657EA05085E7128
:10E0F800E146AE4673D10024A1421C716DDA0121BC
:10E108001971A0424FF000041ADA204603F11206F2
:10E118000D25C2F157024FF0300C07F00F013F09EF
:10E1280047EA0E774FEA2E1E002940F08680A84263
:10E1380001DB86F800C0013D06F1FF36EDD175E040
:10E148000C2867DCC0F10D018900012601F1FF3EB2
:10E15800A1F12108C1F1210726FA07F706FA08F804
:10E1680006FA0EF648EA070816EB060A48EB080B0B
:10E17800DAF100076BEB4B0E1AF1FF3A4BF1FF3B5C
:10E188000AEA0C0A0BEA050B564578EB0B0B10DB79
:10E19800C1F1200BB1F1200A05FA0BFB2CFA01F1B1
:10E1A80041EA0B015CBF45FA0AFA41EA0A01C907CC
:10E1B80024D51CEB060C45EB0805B5F5801FE14698
:10E1C8001CDB5979B4F5806F01F10101597127D031
:10E1D80007EA0C070EEA050E98E7002892E75CB1FB
:10E1E8003126C90F0028A4F2FF345E7119710FDBC4
:10E1F8000C28A7DD0D2005E00124F2E707EA09094C
:10E208000EEA0505B4F5806F06D04F46AE467DE7A9
:10E218000020F7E70D2079E759EA05051A7908D0B3
:10E228001A7942F008021A714FF480641C60BDE844
:10E23800F08F42F004021A71F8E70929D4BF30318F
:10E248008918A8423170B8BF284674E7D1E904326A
:0CE2580093421EBF5A1C0A6118707047E8
:08E26400A427FF7F0100000068
:10E26C000000000034E30008BD2700080000000097
:10E27C000000000050E30008000000004CE400081F
:10E28C000000000014E40008000000006CE300082B
:10E29C000000000030E4000800000000F8E3000873
:10E2AC0000000000DCE3000800000000C0E30008F0
:10E2BC0000000000A4E300080000000088E3000850
:10E2CC0027C40008000000000000000084E40008DF
:10E2DC000000000068E40008A160000800000000D5
:10E2EC008D71000800000000652800080000000087
:10E2FC00B1540008000000001547000800000000A1
:10E30C00899500080000000000000000F4E40008FB
:10E31C0000000000BCE4000800000000A0E40008BD
:08E32C0000000000D8E4000825
:10E33400FF0501080000000004E80008C8010020EF
:10E3440000000000055F000800000000F30701085A
:10E354002CEF0008ECE70008E001002000000000BA
:10E364000000000000000000EB02010800000000B3
:10E3740000000000C601002000000000D554000881
:10E38400000000000C06010804ED0008C0E70008C6
:10E39400CA010020EC170020A16100080000000061
:10E3A4001A06010818ED0008C0E70008CC01002097
:10E3B40000180020A16100080000000028060108E0
:10E3C4002CED0008C0E70008CE010020141800203E
:10E3D400A1610008000000003606010840ED0008B5
:10E3E400C0E70008D001002028180020A16100081F
:10E3F400000000004406010854ED0008C0E70008CE
:10E40400D20100203C180020A16100080000000097
:10E414005206010868ED0008C0E70008D401002096
:10E4240050180020A16100080000000060060108E7
:10E434007CED0008C0E70008D60100206418002025
:10E44400A1610008000000006E06010890ED0008BC
:10E45400C0E70008D801002078180020A161000856
:10E464000000000001FE00080003002020E800086E
:10E47400C4010020000000209544000800000000B2
:10E484008408010830EF000874E80008E201002065
:10E49400380100206969000800000000C90701086C
:10E4A4000CEE0008E4E70008DA0100201401002063
:10E4B4000165000800000000C907010858EE0008C3
:10E4C400E4E70008DC0100202001002001650008C9
:10E4D40000000000C9070108ACEE0008E4E70008EA
:10E4E400DE0100202C01002001650008000000006E
:10E4F400A4090108ACEF0008FCE70008E4010020CF
:0CE504004C010020196C00080000000011
:10E5100000000000BDC3000800000000BDC30008EB
:10E5200000000000BDC3000800000000BDC30008DB
:10E5300000000000BDC3000800000000BDC30008CB
:10E5400020030108A95500081E030108A955000869
:10E550001C030108A95500081A030108A955000861
:10E5600018030108A955000800000000BDC30008F9
:10E5700000000000BDC3000800000000BDC300088B
:10E5800000000000BDC3000800000000BDC300087B
:10E5900000000000BDC3000800000000BDC300086B
:10E5A00000000000BDC3000800000000BDC300085B
:10E5B00000000000BDC3000800000000BDC300084B
:10E5C00000000000BDC3000816030108A95500089B
:10E5D00000000000BDC3000800000000BDC300082B
:10E5E00000000000BDC3000800000000BDC300081B
:10E5F00000000000BDC3000800000000BDC300080B
:10E6000000000000BDC3000800000000BDC30008FA
:10E6100000000000BDC3000800000000BDC30008EA
:10E6200000000000BDC30008F4E40008EBCF0008C0
:10E6300000000000BDC3000884E40008C7CB000848
:10E6400000000000BDC3000800000000BDC30008BA
:10E6500014030108A955000800000000BDC300080C
:10E6600000000000BDC3000800000000BDC300089A
:10E6700000000000BDC3000800000000BDC300088A
:10E6800000000000BDC3000800000000BDC300087A
:10E6900000000000BDC3000800000000BDC300086A
:10E6A00000000000BDC3000800000000BDC300085A
:10E6B00000000000BDC3000800000000BDC300084A
:10E6C00000000000BDC3000800000000BDC300083A
:10E6D00000000000BDC3000800000000BDC300082A
:10E6E00000000000BDC3000800000000BDC300081A
:10E6F00000000000BDC3000800000000BDC300080A
:10E7000000000000BDC3000800000000BDC30008F9
:10E7100000000000BDC3000800000000BDC30008E9
:10E7200000000000BDC30008000000003D570008C5
:10E7300000000000BDC3000800000000BDC30008C9
:10E7400000000000BDC3000800000000BDC30008B9
:10E7500000000000BDC3000800000000BDC30008A9
:10E7600000000000BDC3000800000000BDC3000899
:10E7700000000000BDC3000800000000BDC3000889
:10E7800000000000BDC3000800000000BDC3000879
:10E7900000000000BDC3000800000000BDC3000869
:10E7A00000000000BDC3000800000000BDC3000859
:10E7B00000000000BDC3000800000000BDC3000849
:10E7C00093C80008F9C6000805C7000817C7000865
:10E7D00021C700082DC70008F16000083BC70008EA
:04E7E0000000000035
:08E7E40095620008FDC9000860
:10E7EC0013CA000833CA00084FCA00086DCA0008D3
:08E7FC00356D00082BCF000869
:10E80400F7C500083BC6000800000000E55D0008ED
:0CE81400BFC600080000000067C6000836
:10E8200055C300082145000800000000DFC10008B2
:10E83000F7C100084D4300080DC300082D43000830
:10E8400047C1000851C100080D43000871C100080C
:10E85000000000007BC10008000000000000000074
:10E8600089C1000867C30008A5C1000853C2000899
:10E87000ADC100081FCC0008E9CB000895CA00080C
:10E88000616A000841CC000811CD0008CFCC000817
:10E89000F3CA000811CB00082FCB00084FCB0008AB
:10E8A0006DCB000843CB00088BCB0008F96600084D
:10E8B0005167000897CB0008BBCB0008BFCB00080E
:08E8C000000000000000000050
:10E8C800F4F700080300000017F90008030000002F
:10E8D80009030108030000004FF9000803000000C5
:10E8E80053F90008030000007BFA00080300000049
:10E8F80056020108030000009B0A010803000000FB
:10E90800CD07010803000000B10901080300000059
:10E91800F90501080300000033F9000803000000AE
:10E9280028F900080300000094080108030000000B
:10E93800F2050108030000006AFD0008030000005A
:10E9480049FC000803000000F4FD00080300000073
:10E958008CEC0008BC0000206AFA000801000000E6
:10E96800440000000040000000C201000000080050
:10E978000100000000000000050000000000000089
:10E9880019000000000000007D00000000000000E9
:10E998007102000000000000350C000000000000BB
:10E9A800093D0000000000002D31010000000000BA
:10E9B800E1F505000000000065CD1D000000000025
:10E9C800F902950000000000DD0EE90200000000D9
:10E9D800514A8D0E000000009573C24800000000E7
:10E9E800E941CC6B010000008D49FD1A07000000C9
:10E9F800C16FF28623000000C52EBCA2B100000042
:10EA0800D9E9AC2D780300003D9160E4581100006D
:10EA180031D6E275BC560000F52E6E4DAEB1010040
:10EA2800C9EA268367780800ED95C28F055A2A003F
:10EA3800A1EDCCCE1BC2D30025A4000A8BCA2204A8
:10EA480000000000000000000000000000000010AE
:10EA58000000000000000000B9340332B7F4AD1420
:10EA680010DB1AB30892540E0D307D951447BA1A6C
:10EA780066088F4D26ADC66DF598BF85E2B745117E
:10EA8800CA96853D92BD1DEBFCA11860DCEF5216BD
:10EA98003C92AE220BB8C1B4839D2D5B0562DA1C93
:10EAA800304C7E8F4E8BB25B16F4529F8B56A5125C
:10EAB800FBD4827643ED8AF08FE7F9311565191892
:10EAC80050F19BD94A13EEB4284CF0A686C1251FF5
:10EAD800035FC270CB9E4916E642889C44EB201423
:10EAE800B0650836AD6EA58585F0CA14E2FD031A37
:10EAF8000B899979D5B13D09D8DA973A35EBCF101A
:10EB0800AC363F5E73BB38CF3E6752FA44AFBA1596
:10EB180001000000000000000000000000000020CC
:10EB2800345065C05FC9A652BB13CBAEC440C218EF
:10EB380006C8DF7100D5A87CF56F0FDA58FC2713DB
:10EB48006E4756357D24206502C7E768E48CA41D0E
:10EB5800E9E60268D7CD39617977FCC2405BEF16E8
:10EB6800798CDE43FFA751F991F3B278F5BDBE1158
:10EB7800E857E9D6E8BEE87BB054AC8F848D751BA6
:10EB8800EA23A499E9F9D38BB7A3714061DA3E155A
:10EB9800CEE33ECB73F948088C97B427D51B701089
:10EBA800A2BFEFB9EB8532154DB44DB49BBB6F19BD
:10EBB80096B6076CF8E7EEAD36D9B4F59135AE13D5
:10EBC800222218AF4E6A684D91DAAA3D4F40741E52
:10EBD8009FBD9EE006A1C09857C2A7FDA40E90173E
:10EBE8000E7D497173E3208FB220D87605143B124D
:10EBF800853D7434811343B0AD297A5F27F4351C01
:10EC0800F4E4000840420F00040200004CE400084D
:10EC180004000100000000000100000000000000E6
:10EC2800F00300200001000007BE00089DBD000899
:10EC380002000000B7BF000800000000000000004C
:10EC480000000000000000004AFA000852FA00081C
:10EC58000000000000000000000000005AFA000850
:10EC68005EFA000862FA000866FA00087CEC000800
:10EC7800480E002095320008600E0020D0180020B1
:10EC88000100000075C000086BC0000839C000080A
:10EC98002DC000080000000021C00008000000008E
:10ECA800000000200000000000000B060200000029
:10ECB800BCEC000800000008A602010824000206B7
:10ECC80000000020AE02010820000B11DCEC000857
:10ECD80001000000E4EC0008020000006A010000E6
:10ECE800000000008A01000000000000340000005D
:10ECF8008000000007000000FF000000FFFF000088
:10ED0800001C0240070000003000000080000000E6
:10ED1800FFFF00000018024006000000300000005D
:10ED280040000000FFFF0000001402400500000042
:10ED38003000000020000000FFFF0000001002402B
:10ED4800040000003000000010000000FFFF000079
:10ED5800000C024003000000300000000800000022
:10ED6800FFFF000000080240020000003000000021
:10ED780004000000FFFF0000000402400100000042
:10ED88003000000002000000FFFF00000000024009
:10ED98000000000030000000010000004CE4000802
:10EDA80030E4000814E40008F8E30008DCE3000895
:10EDB800C0E30008A4E3000888E30008000000009E
:10EDC800000000000000000000000000000000003B
:10EDD800000000000000000000000000000000002B
:10EDE800000000000000000000000000000000001B
:10EDF800000000000000000000000000000000000B
:10EE080000000000000800400000000000000000B2
:10EE18000000000028EE00080200000038EE00089C
:10EE2800400000000400000015000000FF00000082
:10EE380040EE00080100000048EE00080200000053
:10EE4800C202000000000000E20200000000000012
:10EE58000004004000000000000000000000000066
:10EE680074EE00080200000084EE00084000000074
:10EE78000200000015000000FF0000008CEE0008F2
:10EE88000100000094EE000803000000E20000000A
:10EE98000000000002020000000000002202000042
:10EEA8000000000000000140000000000000000019
:10EEB80000000000C8EE000802000000D8EE0008BC
:10EEC800440000000100000016000000FF000000E0
:10EED800E0EE000801000000E8EE00080300000072
:10EEE80001010000000000002101000000000000F6
:10EEF8004101000000000000EDC90008F1C9000848
:10EF0800F5C90008F9C90008040000004000000025
:10EF180000040000010000001000000000010000D3
:10EF280000100000003802400010014034E30008DF
:10EF380050E30008840400005CEF000801000000B2
:10EF480000000000000000000000000064EF00085E
:10EF5800D3CB000844000000100000006CEF00084C
:10EF68000100000074EF0008020000002701000003
:10EF7800000200004701000000000000000000003F
:10EF88000800000010000000180000002000000029
:10EF98002800000030000000380000004CE40008A1
:10EFA8000400010000300140D0EF000893CE0008B3
:10EFB80001000000C8EF0008030000000000000086
:10EFC8004400000000100000D8EF00080100000015
:10EFD800E0EF000803000000A50000008005000025
:10EFE8008502000080050000A502000080050000E1
:10EFF8000000000000080000510A01085F0A01082B
:10F00800730A0108820A01088E0A01086CE20008E6
:10F018006CE20008ECE20008F4E2000834E30008BF
:10F0280034E30008D90A01080001000000000000CC
:10F0380000000000000000000000000000000000C8
:10F048000000004095596959555554551555555660
:10F058000405154110545540455155444045504408
:10F068005055554500400040400444966555565556
:10F0780045404554514115405591555555554051B8
:10F08800050100005445545445550504001004106A
:10F098001404400000000140555515415404000077
:10F0A8004400010000000040410000445044455025
:10F0B8005400555554556551004000400100000169
:10F0C8000005010011545151545555050000000028
:10F0D80000000000000000000000000000000080A8
:10F0E800000FC93F000F494000CB9640000FC940B0
:10F0F8000053FB4000CB164100ED2F41000F494162
:10F108000031624100537B41003A8A4100CB96416D
:10F11800005CA34100EDAF41007EBC41000FC94136
:10F1280000A0D5410031E24100C2EE410053FB414D
:10F1380000F20342003A0A420083104200CB164212
:10F1480000141D42005C234200A5294200ED2F4215
:10F1580000363642007E3C4200C74242000F494218
:10F16800A2000000F9000000830000006E0000000B
:10F178004E000000440000001500000029000000B7
:10F18800FC0000002700000057000000D10000002C
:10F19800F500000034000000DD000000C0000000A1
:10F1A800DB000000620000009500000099000000EC
:10F1B8003C000000430000009000000041000000F7
:10F1C800FE0000005100000063000000AB000000DA
:10F1D800DE000000BB000000C50000006100000068
:10F1E800B7000000240000006E0000003A00000094
:10F1F800420000004D000000D2000000E0000000C6
:10F2080006000000490000002E000000EA0000008F
:10F2180009000000D1000000920000001C0000005E
:10F22800FE0000001D000000EB0000001C000000B4
:10F23800B100000029000000A70000003E00000007
:10F24800E80000008200000035000000F500000022
:10F258002E000000BB0000004400000084000000F5
:10F26800E90000009C00000070000000260000007B
:10F27800B40000005F0000007E00000041000000B4
:10F288003900000091000000D6000000390000009D
:10F29800830000005300000039000000F400000063
:10F2A8009C000000840000005F0000008B0000004C
:10F2B800BD000000F9000000280000003B0000002D
:10F2C8001F000000F800000097000000FF00000089
:10F2D800DE00000005000000980000000F0000009C
:10F2E800EF0000002F000000110000008B0000005C
:10F2F8005A0000000A0000006D0000001F00000016
:10F308006D000000360000007E000000CF00000005
:10F3180027000000CB00000009000000B700000033
:10F328004F000000460000003F000000660000009B
:10F338009E0000005F000000EA0000002D000000B1
:10F348007500000027000000BA000000C700000098
:10F35800EB000000E5000000F10000007B00000069
:10F368003D0000000700000039000000F700000021
:10F378008A0000005200000092000000EA0000002D
:10F388006B000000FB0000005F000000B1000000FF
:10F398001F0000008D0000005D0000000800000054
:10F3A8005600000003000000300000004600000086
:10F3B800FC0000007B0000006B000000AB000000B8
:10F3C800F0000000CF000000BC000000200000009A
:10F3D8009A000000F4000000360000001D00000044
:10F3E800A9000000E3000000910000006100000097
:10F3F8005E000000E60000001B000000080000009E
:10F408006500000099000000850000005F00000012
:10F4180014000000A0000000680000004000000088
:10F428008D000000FF000000D800000080000000F0
:10F438004D000000730000002700000031000000AC
:10F44800060000000600000015000000560000003D
:10F45800CA00000073000000A8000000C9000000F6
:10F4680060000000E20000007B000000C000000017
:10F478008C0000006B0000000000C93F0000F0395C
:10F488000000DA370000A2330000842E0000502B61
:10F498000000C2270000D0220000C41F0000C61BC5
:10F4A80000004417040000000700000009000000E5
:10F4B8000010000000304661696C656420746F209C
:10F4C800656E61626C65205553423A2025640A00D6
:10F4D800312E20496E697469616C697A696E67209A
:10F4E8004153353034384120656E636F6465722E40
:10F4F8002E2E0A002020204552524F523A204661B3
:10F50800696C656420746F20696E697469616C69DF
:10F518007A6520415335303438413A2025640A0051
:10F528002020205B4F4B5D2041533530343841203B
:10F5380072656164790A0A00322E20496E6974691D
:10F54800616C697A696E67203650574D206472691C
:10F558007665722E2E2E0A002020204552524F52D8
:10F568003A204661696C656420746F20696E69741D
:10F5780069616C697A65206472697665720A00202F
:10F5880020205B4F4B5D2044726976657220696E5E
:10F59800697469616C697A65640A0A00332E2049C6
:10F5A8006E697469616C697A696E6720424C44437C
:10F5B800206D6F746F722E2E2E0A00202020455267
:10F5C800524F523A204661696C656420746F206915
:10F5D8006E697469616C697A65206D6F746F720AFF
:10F5E800002020205B4F4B5D204D6F746F722069A7
:10F5F8006E697469616C697A65640A0A00342E2040
:10F6080052756E6E696E6720464F432063616C6960
:10F6180062726174696F6E2E2E2E0A0020202054AB
:10F628006869732077696C6C20616C69676E2073F8
:10F63800656E736F7220616E64206D6F746F7220D7
:10F648007068617365730A002020204D6F746F72B3
:10F658002077696C6C206D6F766520736C696768BC
:10F66800746C7920647572696E672063616C696275
:10F67800726174696F6E0A002020204552524F5201
:10F688003A20464F432063616C6962726174696F06
:10F698006E206661696C65640A002020204D6F74D5
:10F6A8006F72207374617475733A2025640A0020A0
:10F6B80020205B4F4B5D20464F432063616C69629D
:10F6C800726174696F6E20636F6D706C657465210B
:10F6D8000A0A003D3D3D3D3D3D3D3D3D3D3D3D3DF5
:10F6E8003D3D3D3D3D3D3D3D3D3D3D3D3D3D3D3D42
:10F6F8003D3D3D3D3D3D3D3D3D3D3D3D3D3D3D3D32
:10F708003D3D3D0A00202053797374656D20526594
:10F71800616479202D204D6F746F72205374617469
:10F7280075733A2025640A002020456E7465726955
:10F738006E67206D61696E20636F6E74726F6C20E6
:10F748006C6F6F702E2E2E0A003D3D3D3D3D3D3DB8
:10F758003D3D3D3D3D3D3D3D3D3D3D3D3D3D3D3DD1
:10F768003D3D3D3D3D3D3D3D3D3D3D3D3D3D3D3DC1
:10F778003D3D3D3D3D3D3D3D3D0A0A0053746172AE
:10F7880074696E67206D6F746F7220636F6E747228
:10F798006F6C20696E2032207365636F6E64732E00
:10F7A8002E2E0A0053504920627573206E6F742004
:10F7B8007265616479004153353034384120656E93
:10F7C800636F64657220696E697469616C697A65D2
:10F7D8006400535049207472616E7363656976657D
:10F7E800206661696C65643A202564006173353070
:10F7F800343861004552524F523A2050574D206CD0
:10F808006F772D7369646520646576696365206E1A
:10F818006F742072656164790A004552524F523AFA
:10F828002050574D20686967682D736964652064A6
:10F838006576696365206E6F742072656164790A04
:10F848000050574D20636F6E666967757265643A3C
:10F8580020667265713D256C6420487A2C2070659D
:10F8680072696F643D2575206E730A0028756E7382
:10F8780069676E6564292063686172202A20757340
:10F88800656420666F722025257020617267756D2A
:10F89800656E742E2049742773207265636F6D6DD1
:10F8A800656E64656420746F206361737420697485
:10F8B80020746F20766F6964202A20626563617501
:10F8C8007365206974206D617920636175736520A3
:10F8D8006D69736265686176696F7220696E20630D
:10F8E80065727461696E20636F6E666967757261AF
:10F8F80074696F6E732E20537472696E673A22258D
:10F90800732220617267756D656E743A25640063B1
:10F91800627072696E74665F7061636B61676500BF
:10F928007379735F6765746F70740073746D3332C5
:10F938005F6261636B75705F646F6D61696E006CA7
:10F948006F6767696E67006C6F67006C6F675F6DE4
:10F95800676D74004D657373616765202822257390
:10F9680022292064726F7070656420626563617516
:10F9780073652069742065786365656473207369AD
:10F988007A65206C696D69746174696F6E202825C9
:10F998007529004D6573736167652064726F7070B7
:10F9A8006564206265636175736520697420657894
:10F9B80063656564732073697A65206C696D697421
:10F9C8006174696F6E2028257529000D0A001B5B7C
:10F9D800306D00257320005B2530386C755D200084
:10F9E8005B253032753A253032753A253032752E1E
:10F9F800253033752C253033755D200025732F0095
:10FA08003C25733E200025733A20002530327820AB
:10FA180000202020007C00256300206D6573736141
:10FA28006765732064726F70706564202D2D2D0DCD
:10FA38000A1B5B306D001B5B313B33316D2D2D2D67
:10FA480020001B5B313B33316D001B5B313B333393
:10FA58006D006572720077726E00696E660064628E
:10FA680067006C6F675F6261636B656E645F756189
:10FA78007274006C6F675F756172740053657420EF
:10FA880068616C74206570203078253032780043C6
:10FA98006C6561722068616C74206570203078250F
:10FAA80030327800456E64706F696E742030782546
:10FAB80030327820697320696E76616C696400451C
:10FAC8006E64706F696E74203078253032782061EA
:10FAD8006C72656164792064697361626C65640045
:10FAE8004661696C656420746F2064697361626C37
:10FAF8006520656E64706F696E74203078253032C9
:10FB08007800456E64706F696E74203078253032E5
:10FB18007820616C726561647920636F6E666967CD
:10FB280075726564004661696C656420746F206352
:10FB38006F6E66696775726520656E64706F696E51
:10FB4800742030782530327800456E64706F696EA5
:10FB5800742030782530327820616C726561647960
:10FB680020656E61626C6564004661696C6564203D
:10FB7800746F20656E61626C6520656E64706F6974
:10FB88006E7420307825303278004661696C65647F
:10FB980020746F20777269746520656E64706F6970
:10FBA8006E7420627566666572203078253032780A
:10FBB800005265717565737420627566666572209A
:10FBC800746F6F20736D616C6C00555342206465CF
:10FBD8007669636520737570706F727420616C72DA
:10FBE8006561647920656E61626C6564004661696F
:10FBF8006C656420746F20636F6E666967757265E3
:10FC08002055534220646576696365207374616387
:10FC18006B004572726F6E656F75732064657669E7
:10FC280063652064657363726970746F72206F72A4
:10FC380020624D61785061636B657453697A6530F1
:10FC4800007573625F6465766963650030313233CD
:10FC5800343536373839414243444546005468659F
:10FC68007265206973206E6F207573625F636667C3
:10FC78005F6461746120666F7220257000556E693B
:10FC88006E697469616C697A6564207573625F6313
:10FC980066675F6461746120706F696E7465722C49
:10FCA80020636F7272757074656420646576696329
:10FCB800652064657363726970746F723F00466192
:10FCC800696C656420746F2076616C696461746521
:10FCD80020656E64706F696E747300746865206E59
:10FCE800657720534E2064657363726970746F7210
:10FCF80020646F65736E2774206861766520746868
:10FD0800652073616D65206C656E6774682061732A
:10FD180020434F4E4649475F5553425F4445564935
:10FD280043455F534E00496E636F6D706C65746533
:10FD380020646576696365206465736372697074AD
:10FD48006F72004661696C656420746F206669781B
:10FD58007570205553422064657363726970746FBF
:10FD680072007573625F64657363726970746F7231
:10FD7800005472616E73666572206572726F7220CC
:10FD880025642C2065702030782530327800525850
:10FD98002064617461206C6F73742C206E6F207402
:10FDA80072616E73666572004E6F207472616E7355
:10FDB80066657220736C6F7420617661696C61622C
:10FDC8006C650041207472616E7366657220697398
:10FDD80020616C7265616479206F6E676F696E6708
:10FDE8002C20657020307825303278007573625F7A
:10FDF8007472616E73666572006364635F61636DDC
:10FE08005F756172743000757362776F726B710021
:10FE180072302F61313A2020307825303878202010
:10FE280072312F61323A20203078253038782020FE
:10FE380072322F61333A20203078253038780072BA
:10FE4800332F61343A2020307825303878207231C9
:10FE5800322F69703A202030782530387820723176
:10FE6800342F6C723A20203078253038780020788A
:10FE78007073723A202030782530387800735B250B
:10FE880032645D3A20203078253038782020735B42
:10FE98002532645D3A202030782530387820207368
:10FEA8005B2532645D3A2020307825303878202070
:10FEB800735B2532645D3A2020307825303878002D
:10FEC80066707363723A202030782530387800469F
:10FED80061756C74696E6720696E7374727563748A
:10FEE800696F6E206164647265737320287231359E
:10FEF8002F7063293A2030782530387800556E689D
:10FF0800616E646C6564204952516E3A2025640024
:10FF18002A2A2A2A2A20425553204641554C542041
:10FF28002A2A2A2A2A002020537461636B696E6783
:10FF3800206572726F72002020556E737461636B56
:10FF4800696E67206572726F720020205072656357
:10FF580069736520646174612062757320657272CB
:10FF68006F720020204246415220416464726573DA
:10FF7800733A2030782578002020496D70726563C7
:10FF8800697365206461746120627573206572729B
:10FF98006F72002020496E737472756374696F6E96
:10FFA80020627573206572726F72002020466C6F34
:10FFB8006174696E672D706F696E74206C617A79EF
:10FFC80020737461746520707265736572766174EC
:10FFD800696F6E206572726F72002A2A2A2A2A2097
:10FFE8005553414745204641554C54202A2A2A2A30
:08FFF8002A002020446976690B
:020000040801F1
:1000000073696F6E206279207A65726F00202055C7
:100010006E616C69676E6564206D656D6F727920C5
:100020006163636573730020204E6F20636F70728D
:100030006F636573736F7220696E73747275637426
:10004000696F6E73002020496C6C6567616C206C71
:100050006F6164206F66204558435F524554555286
:100060004E20696E746F205043002020496C6C65EF
:1000700067616C20757365206F6620746865204524
:10008000505352002020417474656D707420746F59
:10009000206578656375746520756E646566696E44
:1000A000656420696E737472756374696F6E002A7B
:1000B0002A2A2A2A204D5055204641554C54202AA0
:1000C0002A2A2A2A002020537461636B696E6720F4
:1000D0006572726F722028636F6E74657874206128
:1000E000726561206D69676874206265206E6F7447
:1000F0002076616C6964290020204461746120418C
:1001000063636573732056696F6C6174696F6E0009
:1001100020204D4D46415220416464726573733A0C
:100120002030782578002020496E737472756374CE
:10013000696F6E204163636573732056696F6C61EC
:1001400074696F6E005265736572766564204578D8
:1001500063657074696F6E20280053707572696FE3
:10016000757320696E7465727275707420284952B7
:10017000512000535053454C20696E2074687265BD
:100180006164206D6F646520646F6573206E6F74A9
:1001900020696E64696361746520505350002A2A97
:1001A0002A2A2A2048415244204641554C54202AAC
:1001B0002A2A2A2A002020427573206661756C74F1
:1001C000206F6E20766563746F72207461626C6557
:1001D0002072656164002020446562756720657641
:1001E000656E740020204661756C742065736361D0
:1001F0006C6174696F6E20287365652062656C6F31
:10020000772900415243485F455843455054207771
:1002100069746820726561736F6E2025780A002A00
:100220002A2A2A2A204465627567206D6F6E6974D8
:100230006F7220657863657074696F6E202A2A2A50
:100240002A2A002A2A2A2A2A2025732025642920DE
:100250002A2A2A2A2A006D7075004661696C656435
:1002600020746F20616C6C6F63617465206E6577BC
:10027000204D505520726567696F6E2025750A0004
:10028000506172746974696F6E2025753A20636FCE
:10029000686572656E636520636865636B2066617F
:1002A000696C65642E00464C4153485F30005352E0
:1002B000414D5F3000436C6F636B20636F6E7472EF
:1002C0006F6C20646576696365206E6F742072655B
:1002D00061647900496E76616C6964206C696E6551
:1002E000206E756D62657220257500696E74657289
:1002F000727570742D636F6E74726F6C6C65724082
:10030000343030313363303000657874695F737432
:100310006D3332000A0605050401030102010101E3
:1003200000014E6F742076616C696420656E6470A4
:100330006F696E743A202530327800696E76616C90
:1003400069642065702030782530327800636C6FE6
:10035000636B20636F6E74726F6C20646576696383
:1003600065206E6F7420726561647900436F756CEF
:1003700064206E6F742073656C65637420555342FE
:1003800020646F6D61696E20636C6F636B00556EE6
:1003900061626C6520746F20656E61626C652055CA
:1003A000534220636C6F636B004661696C65642027
:1003B000746F206765742055534220646F6D6169C6
:1003C0006E20636C6F636B207261746500555342DD
:1003D00020436C6F636B206973206E6F7420343818
:1003E0004D487A2028256429005553422070696EB3
:1003F0006374726C207365747570206661696C65D6
:10040000642028256429005043445F496E697420A4
:100410006661696C65642C202564005043445F5319
:10042000746F70206661696C65642C2025640050CF
:1004300043445F5374617274206661696C65642C17
:100440002025640048414C5F5043445F536574412C
:10045000646472657373206661696C6564283078C2
:1004600025303278292C2025640048414C5F5043C8
:10047000445F45505F5265636569766520666169D2
:100480006C656428307825303278292C202564006A
:10049000696E76616C696420656E64706F696E74F4
:1004A00020636F6E66696775726174696F6E00654F
:1004B0006E64706F696E7420696E6465782F616414
:1004C0006472657373206F7574206F662072616E3D
:1004D00067650048414C5F5043445F45505F53653A
:1004E000745374616C6C206661696C656428307843
:1004F00025303278292C2025640048414C5F504338
:10050000445F45505F436C725374616C6C2066614C
:10051000696C656428307825303278292C20256470
:100520000048414C5F5043445F45505F4F70656EDB
:10053000206661696C656428307825303278292C12
:100540002025640048414C5F5043445F45505F4361
:100550006C6F7365206661696C656428307825303E
:100560003278292C20256400556E61626C652074F8
:100570006F20676574207772697465206C6F636B98
:1005800020282564290048414C5F5043445F455072
:100590005F5472616E736D6974206661696C656425
:1005A00028307825303278292C20256400496E7651
:1005B000616C696420456E64706F696E7420257883
:1005C0000057726F6E6720656E64706F696E74207D
:1005D000646972656374696F6E3A203078253032D1
:1005E000780057726F6E6720617267756D656E7403
:1005F00073007573625F64635F73746D333200728E
:100600006363403430303233383030006770696FA4
:10061000403430303231633030006770696F4034BD
:1006200030303231383030006770696F40343030EC
:100630003231343030006770696F403430303231DD
:10064000303030006770696F4034303032306330A2
:1006500030006770696F40343030323038303000ED
:100660006770696F4034303032303430300067703A
:10067000696F40343030323030303000496E76614E
:100680006C6964206368616E6E656C20282564293E
:100690000043616E6E6F74207365742050574D2057
:1006A0006F75747075742C20706572696F64206347
:1006B00079636C657320257520657863656564735F
:1006C0002031362D6269742074696D6572206C6901
:1006D0006D69742E004368616E6E656C2025642020
:1006E000686173204E4F20636F6D706C656D656E31
:1006F00074617279206F757470757400436F756CD6
:1007000064206E6F7420696E697469616C697A65C2
:1007100020636C6F636B202825642900436F756C20
:1007200064206E6F7420636F6E66696775726520F2
:10073000636C6F636B20282564290054696D6572B2
:1007400020636C6F636B2072617465206765742031
:100750006572726F7220282564290054696D657274
:1007600020636C6F636B20736F75726365206973B0
:10077000206E6F74207370656369666965640050EC
:10078000574D2070696E6374726C20736574757058
:10079000206661696C6564202825642900536574AE
:1007A00074696E67206465616474696D6520256491
:1007B000206F6E2061206E6F6E2D627265616B20FE
:1007C00074696D65722025730070776D0070776DA8
:1007D0005F73746D333200000102030405060002EA
:1007E0000406080A0C0000080000000800000000D1
:1007F00004040472657365742D636F6E74726F6C9C
:100800006C6572004661696C65642063616C6C2084
:10081000636C6F636B5F636F6E74726F6C5F676541
:10082000745F726174652870636C6B656E5B305DBC
:100830002900556E61626C6520746F2073657420A9
:10084000257320746F20256400436F756C64206EDF
:100850006F7420656E61626C6520284C502955418B
:10086000525420636C6F636B007265736574206310
:100870006F6E74726F6C6C6572206E6F742072652F
:100880006164790073657269616C40343030313174
:1008900030303000756172745F73746D33320025CF
:1008A000733A206572723D256400436F756C642055
:1008B0006E6F7420656E61626C65205350492063D1
:1008C0006C6F636B004353204750494F20706F7229
:1008D000742025732070696E202564206973206E52
:1008E0006F74207265616479004E6F206461746179
:1008F00020776964746820646566696E6564206643
:100900006F72207468697320696E7374616E6365B9
:10091000004661696C65642063616C6C20636C6F78
:10092000636B5F636F6E74726F6C5F6765745F7229
:100930006174652870636C6B5B305D290054696D70
:10094000656F75742077616974696E6720666F7270
:10095000207472616E7366657220636F6D706C6572
:10096000746500556E737570706F7274656420667F
:1009700072657175656E6379202575487A2C206DD6
:100980006178202575487A2C206D696E2025754880
:100990007A007370695F73746D33325F6765745F7B
:1009A00065727200737069403430303133303030EA
:1009B000007370695F73746D3332000000000000D3
:1009C000000000010203040607080948616C74690D
:1009D0006E672073797374656D00556E6B6E6F77FB
:1009E0006E206572726F7200756E6B6E6F776E003F
:1009F0003E3E3E205A455048595220464154414CB3
:100A0000204552524F522025643A202573206F6EA4
:100A100020435055202564004661756C7420647530
:100A200072696E6720696E74657272757074206881
:100A3000616E646C696E670A0043757272656E74EC
:100A4000207468726561643A202570202825732916
:100A50000043505520657863657074696F6E00556A
:100A60006E68616E646C656420696E74657272751F
:100A7000707400537461636B206F766572666C6F7F
:100A800077004B65726E656C206F6F7073004B65FD
:100A9000726E656C2070616E6963006F73002A2A44
:100AA0002A20426F6F74696E67205A657068797288
:100AB000204F53206275696C642076342E332E30BB
:100AC0002D363130382D6731653334383364323662
:100AD000323964202A2A2A0A00737973776F726B7D
:100AE00071006E616E00286E756C6C29000000004C
:100AF00000000000000000000000000000000000F6
:100B000000000000000000000000000000000000E5
:100B100000000000000000000000000000000000D5
:100B200000000000000000000000000000000000C5
:100B300000000000000000000000000000000000B5
:100B400000000000000000000000000000000000A5
:100B50000000000000000000000000000000000095
:100B60000000000000000000000000000000000085
:100B7000000000000000000000000000D80000207D
:100B8000C400002000C201000000080000000000B6
:100B90000000000000000000000000000000000055
:100BA000080E002065B70008BDBD000874EC000801
:100BB0000000000080340020000000000000000061
:100BC0000000000000040000803800200000000049
:100BD0000000000000000000000400004144000884
:100BE00080000000D540000800000000D54000084B
:100BF00080000000000000001DC40008000000008C
:100C0000000000000000000050E3000802040000A3
:100C10000000000050E30008010400000000000094
:100C200050E30008800400004401002000000000A0
:100C30000000000000C201000001030000000000ED
:100C400000000000A4EF0008010000005C0100208B
:100C50005C01002000000000010000006C01002089
:100C60006C010020000000000100000000000000F6
:100C70000000000000000000000000000000000074
:100C80000000000000000000000000000000000064
:100C9000000000000024F400C8000000AC010020A7
:100CA000AC010020FFFFFFFFFFFFFFFFFFFFFFFF83
:040CB000FFFFFFFF44
:100CB4000000000000000000000000000000000030
:100CC4000000000000000000000000000000000020
:040CD400000000001C
:100CD800000000000000000000000000000000000C
:100CE80000000000000000000000000000000000FC
:100CF80000000000000000000000000000000000EC
:080D08000000000000000000E3
:040D100000000000DF
:100D14002402002024020020000000000000000043
:040D24000E000000BD
:100D28003802002038020020000000000100000006
:100D380012010002EF020140E32F00010304010247
:100D4800030109020000000100E032080B00020262
:100D5800020000090400000102020000052400103E
:100D680001052401020104240202052406000107EA
:100D780005800310000A09040100020A00000007A8
:100D88000580024000000705000240000004030936
:100D9800040E035A45504859520000000000002430
:100DA80003426C61636B70696C6C20486170746994
:100DB8006B6100000000000000000000000000005F
:100DC80000000022033031323334353637383941A8
:100DD80042434445460000000000000000000000B7
:070DE8000000000000000004
:100DF000000000006B02002029C100089146000895
:100E0000DD430008000000000000000003000000B7
:040E1000EC000020D2
:040E140015E015E0F0
:0400000508004D9111
:00000001FF
